:02000004800278
:2000000073646820737468A0036568CA0BC30030009000000000000000000000000000006A
:20002000912000F8D9FFF892DC0F0090000000003256FF0626003B00FEFF3FF617000F658F
:2000400010308B0602601745802600903256FF0618003B00FEFF3FF60F000F6500308B0685
:200060000260174580260090A2F63705C13F0F6510200090A2F682030F6500200090DA2049
:200080007FF60700174580360F6400200090A2F682020F6400300090820C822D3C13075776
:2000A000FFCF8755BFDFCE57460546048B1480408B05A050CE77460746068B1680608B076E
:2000C000A07082028203820082013A260B2700F26E023C4F0B6430F10B7500F20B75A0F26F
:2000E0006E04024002513C453A640B7500F26E0382123C3F3B0004E00B6030F10B7100F2CF
:200100000B71A0F2DE1087559FFF06116701801F8B1FE0060248025906156745805F061456
:20012000C2FE3CEB0284029506F067101F0006F1C21E82087AE86E1D87559FFF06116701E8
:20014000801F8B1FE0060B60C0A00B71D0B007BB9FFF06156745805F061406136723803F27
:200160008B1FE0266E0302A002B1C2183FE8E67F76C7460346028B1280208B03A030DF2D2E
:200180000B00071DE0FF76F7460146008B1080008B01A010009091000027D922203009263E
:2001A0004009007091000047D944B4906D006D01910000F7D9FFB49091300027B92FFCFD05
:2001C000ACF8910000F7D9FFB49091300027D922FCFDE8526D00C72A02246D0019299100FD
:2001E00080FF39FF29229680910080FFE9FF2922910080FF39FF2D229680910080FFE9FFFF
:200200002D226D00B02A02246D00492B910000F7D9FFB4909120002AB92F0008ACFC910099
:2002200000F7D9FFB49009FFD008BB100B0FBE00910000F7D9FFB490BB302BFBACF891003E
:2002400000F7D9FFB490C85FBB302BFBB4FF6D00F32D3BF07D403BC074503BC075606D002F
:20026000914A6D00EE316D00DD326D009F436D00B9046D002E146D003C2F3C0100906D0061
:20028000904A6D00B6056D0021336D0033326D00B645912000FF39FF04C8370FE1F35E1E17
:2002A000912000FF39FF04C816075E58910000F7D9FF0000DA0134FF3C26912000FF39FFFF
:2002C00004C8370F61F35E1E912000FF39FF04C816075E38910000F7D9FF0000DA0234FF66
:2002E0003C12912000FF39FF04C8AE7D912000FF39FF04C81607EE07910000F7D9FF0000AB
:20030000DA0034FF912000FF39FF04C8370FE1F35E17912000FF39FF04C816071E5E91208F
:2003200000FF39FF04C8370F61F3DE12912000FF39FF04C816075E3C912000FF19FF00C835
:200340003BE0FB0F260F912000FF59FF00C83C010090D9AAA80F913000F8D9FFB06B09F4C3
:2003600038296D008313913000F8D9FFB06B09F400396D007B1382246D0067338209820A78
:200380003C29538A20F0913000F8D9FF883B10FF54F8820B3C14DA2003FB0AF860F4DA2037
:2003A000913000F8D9FFB06B09F0382903F90A403B0002506D001A15C219C21B538A20F023
:2003C000913000F8D9FF883B10FF481F3FFBE5FFC21A913000F8D9FFE45B54FF3FFAD3FF2B
:2003E000913000F8D9FF383B49FF000A49A2000AC504337044FF642FFC4E8200913000F8EB
:20040000D9FFB06B09FF382960FF91300028D922B06B092F001960F291300048D944B06B3E
:20042000094F1C29C2CF60F454FF54217E14B04FB0423C0EC2103B301FF03FF004803B303B
:200440001F00534020F010A5F452B04FB042012430F4EEEB19AF4CF0EE163B5062F09B4FFD
:2004600002F059AF50F0DA0059AF54F07B00F04A6D0050127B00F04AD9A450F03B8000501B
:200480006D00B4140090404F6D00772468224DC0E1FF8F7F00413C016D00F72368126D008F
:2004A000C12474F29100002FBC216D00A3249130002F392F3506160F4B0F41F14BF251F05E
:2004C0003C013C016CF382023C010090DA008230EE0C3C01910080FF19FF100282110F0152
:2004E0001010261FEEF83C023C040D0080043C01DA008210EE0C3C01910080FF19FF100288
:2005000082110F011010261FEEF83C023C040D0080043C016D003B2902246D00A1279130B4
:2005200000FF39FF20169602913000FFE9FF20163C013C006D002B2902246D00D72900907B
:2005400082F082013C138F801F20014100F614FFC6F08FF00FF1534F20F0913000F8D9FF46
:20056000E85B10FF54F0C620C2113F41EEFF82F2C6023C0100902028404549A4000A3B8037
:2005800002406D00A633DA00780849A4000A3B8002406DFFD7FF3C010090544F745F4C4173
:2005A0006C514C426C524C436C534C446C544C456C55094FD808AC5C094FDA08AC5D4C472C
:2005C0006C574C486C584C496C590090B70408FC7B00000AA60F0D00800460F402546DFF76
:2005E000B1FF3C010090205049A4000A6D009F01DF120B80DA00ACAC5807C21F780749A4B0
:20060000000A6D005E020090910000F7D9FF040054F23C010090205049A4000A6D008701A0
:20062000DF12058009A224093C0382123C010090910000F7D9FF0800DA0434FFF6447B207E
:2006400000983C037B0001988B0902F060FF54FF1EF68B0902F060FF54FFEE09910000F7AC
:20066000D9FF0800DA1034FF1D0010014DC0E2FF3C010D00400300003C016D00CC056D00EC
:20068000AA2C6D007028022802846D00C126910080FF39FF29229680910080FFE9FF29228F
:2006A000910080FF39FF2D229680910080FFE9FF2D2202846D00F32882014DC0E1FF8F7FBA
:2006C00000213C01913000FFD9FF004653C220F010FF54F037006E018FF083313C0191308F
:2006E00000FFD9FF004653C220F010FF54FF2E1B8F2320F0960154F0370070088F00210011
:20070000A6F074F08F2320F0960254F0370070088F002100A60F74FF3C0154FF1601DF1F15
:20072000FE7FDA00761382003C028210370F81F0CD0F04090D00C004913000FFD9FF004638
:2007400053C220F010FF54FF2E1B8F2320F0960154F0370070088F002100A60F74FF8623FC
:200760008F3340F154F0370070088F002100A60F74FF3C0154FF6F0FFF7F0D00C0048201DB
:200780007617DA009601CD4F20090D00C0044DC0E1FF8F7F00213C01913000FFD9FF00460E
:2007A00053C220F010FF54F037006E018FF083313C01913000FFD9FF004653C220F010FF99
:2007C00054FF2E1B8F2320F0960154F0370070088F002100A6F074F08F2320F0960254F0E9
:2007E000370070088F002100A60F74FF3C0154FF1601DF1FFE7FDA00761382003C0282109B
:20080000370F81F0CDCF20090D00C004913000FFD9FF004653C220F010FF54FF2E1B8F232B
:2008200020F0960154F0370070088F002100A60F74FF86238F3340F154F0370070088F0028
:200840002100A60F74FF3C0154FF6F0FFF7F0D00C0040D0080040D00C004B70908FC7B0051
:20086000000AA60F8B0F028002946D00E600028F60FFDA00CD0FE00F0D00C0040D00C0047D
:20088000A00BDC0F3C013C0000902050024F0258EE047B2000483C037B000148EE047BE079
:2008A00000503C037B0001506DFF92FE022949A4000A6D003C00DF121380EE0689A908095B
:2008C00089A810093C0589A90C0989A814095807C21F780749A4000A6D00F30000902050E2
:2008E00049A4000A6D002300DF120D8009AFDA089601ACAD5807C21F780749A4000A6D0046
:20090000E0000090205049A4000A6D001000DF120D8009AFDA089602ACAD5807C21F7807BB
:2009200049A4000A6D00CD0000902028404C9100F0FA9100F0DA49DD004A8208820954F083
:20094000BB505AFA9BAFA5F57E0740F46DFF15FE488F7E22821854D0BB505AFA9BAFA5F5A4
:200960007E0D49A5000A40D46DFF19FE49A4000A6DFF03FE58087E228219DF082400DF096B
:200980002200487F09D01C093F0F10803B80024040C440F56D009D3149C4280A3B800240E5
:2009A00040D56D0096313C0C40D440C56DFFF7FD49C4280A3B80024040D56D008A31821220
:2009C0003C1F768E3B80024040C440F56D00813149C5280A40C46DFFE2FD82123C11769EDF
:2009E00040D440C56DFFDBFD49C4280A3B80024040D56D006E3182123C0382023C01009019
:200A00002050024849A4000A6DFF91FFDF12148089A80409DA00ACACDA00ACAD5807C21FC1
:200A2000780749A4000A6D004C00910000F7D9FF040074F800907B7000F0424F3B00FE0181
:200A4000A60FBB0000089B7000004204CD0FE20F0D00C0040D00C004CD44E20F0D00C0048B
:200A60000D00C00400902050024FEE047B2000883C075E147B0001883C0382223C2049A45A
:200A8000000A6DFF54FFF62382223C19EE0409A908093C0309A90C09F69382023C10EE0475
:200AA0007BE000503C037B00015002846DFF90FD5F92048082123C0382023C0100906D00FB
:200AC00004003C01009020A0404549A4000A3B0005406D00FE3049A4000A6DFF4EFD89A215
:200AE000200949A4000A49A5280A6DFF58FD7B00F04A6D000F0FDA008210EE0C3C01910081
:200B000080FF19FF100282110F011010261FEEF83C023C040D0080043C017B00F04A49A450
:200B2000000A3B8002506D00F80F3B0010409B04F04A49A4280A3B8002506D00EE0FDA0056
:200B40008210EE0C3C01910080FF19FF100282110F011010261FEEF83C023C040D00800495
:200B60003C0149A4101A6DFFE2FEDF120D8049A4101A49A5000A3B8002406D009D30F623F8
:200B800082123C0382023C0100909140004FD944000A3B8000403B0008506D001C209140E2
:200BA00000FFD9FF000A7B1000F08F8F20F06CF13C01009091000047D94430833B40064018
:200BC00082556D000D2AF62C914000FFD9FF000ADA0882109B1000000FF010006810009090
:200BE000910000FFBCF16D000521913000FF39FF3506160F4B0F41F14BF251F03C013C0149
:200C00004B0F3121910000F7D9FF9860BB0010FE9B5F5FF04BF201020B00000889F04009A9
:200C2000910000F7D9FF9860BB0068F99B8F09F04BF201020B00000889F04809910000F778
:200C4000D9FF98603B90D0F3066F4BF201020B00000889F05009910000F7D9FF98603B50B9
:200C6000C3F0065F4BF201020B00000889F05809910000F7D9FF98603B0071F24BF20102F9
:200C80000B00000889F06009910000F7D9FF98603B803EF04BF201020B00000889F06809E1
:200CA000910000F7D9FF9860DA644BF201020B00000889F07009910000F7D9FF9860DA0A1D
:200CC0004BF201020B00000889F07809910000F7D9FF9860531220F00BF0000889F0401925
:200CE000910000F7D9FF986053A220F00BF0000889F04819910000F7D9FF9860534226F0B7
:200D00000BF0000889F050190090913000F8D9FFA84B09F040090B0410F10B1580F2EE0800
:200D2000913000F8D9FFA84B09F240093C274DC0E2FF370FE1F78B0F20F23C010D00400343
:200D400000003C013C0185F010008203020285F12C008200A620A6313C01913000F8D9FF7C
:200D6000A84B09F24009262026316E030D0000033C010B4040200B5150303C013C0191301F
:200D800000F8D9FFA84B09F040090B0210F10B1380F2EE03DA003C294DC0E2FF370FE1F774
:200DA0008B0F20F23C010D00400300003C013C0185F010008205020485F12C008200A64064
:200DC000A6513C01913000F8D9FFA84B09F44009264026516E030D0000033C010B2050F10E
:200DE0000B3100F20B1390F23C016ECA0090201891000047D944B07049A5000A6D00383006
:200E0000DF02370009AFC0083BF07D003E0609AFC0083BC07400FE01910000F7D9FF0C10E4
:200E200054FF6E0A910000F7D9FF0C10D4FF49A4000A2D0F00003C1C09AFC0083B00500002
:200E40007E083B00504049A4020A6D000B2D3C10910000F7D9FF081054FF6E0A910000F78C
:200E6000D9FF0810D4FF49A4000A2D0F000091000047D944A88049A50C0A6D00F92F76252B
:200E800049A40C0A6D007C000090910000F7D9FF0C10F4F4009082003C1B53C020F0910055
:200EA00000F7D9FF0C0010FF09FFC2083BF07D103E1D53C020F0910000F7D9FF0C0010FFC5
:200EC00009FFC2083BC074107E123C01C210913000F8D9FF285C09FFC0083FF0E07F82002D
:200EE0003C3D53C020F0910000F7D9FF300010FF09FFC2083BC075107E123C2FF64B53C016
:200F000020F0910000F7D9FF300010FFDA002CF43C24DF140C8053C020F0910000F7D9FFC6
:200F2000300010FFDA012CF43C18DF240C8053C020F0910000F7D9FF300010FFDA022CF4D6
:200F40003C0CDF340B8053C020F0910000F7D9FF300010FFDA032CF4C210913000F8D9FF89
:200F60002A5C09FFC0083FF0BE7F0090404591000047D944A8806D00582F00902010404F3A
:200F800009F4C0086D00CB00BF02560053C220F091000027D922300010220C241E3A53C266
:200FA00020F091000027D922300010220C245E1382123C4391000027D9221C6149243C0A75
:200FC0006D00721A762382023C380820083F8F8F20F0A6F0084F8F0F21F0A6F0085F8F8F33
:200FE00021F0A6F00861087F8F8F20F0A6F1088F8F0F21F0A6F1089F8F8F21F0A6F149A260
:20100000000A09F2C008DA08742289A0060989A10A092CA4DA002CAE3C01910000F7D9FFF5
:201020001C6149F43C0A49A5000A6D00911ADA205F2FF57F82123C010090DA003E44DA0409
:201040003E4D3C16914000FFD9FF400B82407B1000F00F0F10F06CF13C0C914000FFD9FF18
:20106000400B8240DA010F0F10F06CF13C023C010090DA003E4ADA01BE4BDA025F4F2D0005
:20108000DA045F4F35003C48914000FFD9FF008A8230DA010F0F10F06CF1914000FFD9FF29
:2010A000008A8220DA010F0F10F06CF13C36914000FFD9FF008A82307B1000F00F0F10F0BF
:2010C0006CF1914000FFD9FF008A8220DA010F0F10F06CF13C22914000FFD9FF008A822057
:2010E0007B1000F00F0F10F06CF13C17914000FFD9FF008A82307B1000F00F0F10F06CF1CD
:20110000914000FFD9FF008A82207B1000F00F0F10F06CF13C023C01009082F282003C0DBB
:2011200053C020F0910000F7D9FF300010FF09FFC2087E420202C210913000F8D9FF2A5C6E
:2011400009FFC0083FF0EE7F3C01009020100D00000282093C54530921F0910000F7D9FF2F
:201160001C6110FFD9F4BC006D007219DF124580530921F0910000F7D9FF1C6110FFD9F486
:20118000BC0091000057D9550C616D00B919DA405F2F3300910000F7D9FF0C6154FF3BF0AB
:2011A0007D80BE81910000F7D9FF0C6154FF3BC074803E89910000F7D9FF0C6154FF3B00C2
:2011C0005080FE8A910000F7D9FF0C6154FFB4AF49A4020A91000057D9550C61B0653B80E8
:2011E00000406D00FC2D91000047D944B07049A5000A6D001A2EC21937096890913000F88B
:20120000D9FF285C09FFC0083FF9A7FF0D00400200809120004FD94400086D001A153C01F7
:20122000009020100D000002910000F7D9FF1C61D9F43C016D000C19DF124280910000F72B
:20124000D9FFA490820082018202DA0874F089F1060989F20A092CF4DA002CFE910000F7F0
:20126000D9FFA09091000027D9221C61D9243C0191000057D955A4906D004219B4F29100B3
:2012800000F7D9FFA49054FF3BB02B80FE88910000F7D9FFA49049FF000A49A2000AA0342D
:2012A00044FF642FFC4E910000F7D9FFB490D9F424806D004101F6236D00BB070D004002B3
:2012C000008082003C06014000F6DA552CF8C2103B0020F03FF0F9FF00902020404C405F01
:2012E0008218DA007802DA00780314FF37F90894081F37F9089009FFC408FF8F5C80DA00C5
:201300003C0610A23B5005003420C21FBF8FFBFF09FFC40834AFDA003C0A10A210F40940F6
:20132000480889200108C21F370F68F009F0C4083F0FF5FFDA007802DA00780382003C0CB2
:2013400001A000F614F15802538020200F210010A61F7802C210BF40F5FFDA003C0D10AF5E
:20136000084009A10C09538F20200F200000A60189A10C09C21FBF4FF4FF580209A00C0935
:2013800049AF100A3B80001074F989AF160989A01A0989A11408DA0089AF1E083C0149A5B7
:2013A000100A40C46D00D418DA205F2FFA7F1D00C00009FFC408868F8B0F01F034AF09FF79
:2013C000C4082CA1DA003C0810A210F40940480889200208C21FBF6FF9FFDA007802DA001F
:2013E000780382003C0C01A0002614215802538020200F210010A61F7802C210BF40F5FFFB
:20140000DA003C0E10A20920440809A10C09538F20200F200000A60189A10C09C21FBF4F9C
:20142000F3FF580209A00C0949A2100A3B800010742989AF160989A01A0989A11408DA0072
:2014400089AF1E0849A5100A40C46D00811882146D00FE00DA06ACF3DA212CF3DA003C0567
:2014600010A282003420C21FBF8FFCFF3C5B083F34AF82003C0D01A0002609FFC60810F48D
:201480000C482C2109FFC608C21FACF3C210BF70F4FFDA007802DA00780382003C0C01A04D
:2014A000002614215802538020200F210010A61F7802C210BF40F5FFDA003C0E10A2092021
:2014C000440809A10C09538F20200F200000A60189A10C09C21FBF4FF3FF580209A00C09D1
:2014E00049A2100A3B800010742989AF160989A01A0989A11408DA0089AF1E08083F3BF0EC
:2015000002003F0F0580DA202CF33C04083FC21F2CF349A5100A40C46D001A1882146D00A8
:20152000970009FFC60809F0C4083F0FA2FF02823C010090200882125802370F68043440FD
:20154000370F68F02C4109A00E09DA003C0810AF538F20105700681134F1C21FBF4FF9FFF5
:2015600009A0120982013C0901A100F6538120F0570068FF2CF4C211BF41F8FF14AF86CFA3
:201580002C420C42EE1514AF160FAC42DA003C0A104F10A2092041082880AC43C21F370F55
:2015A00068F00940C4083F0FF5FF82023C4E0C42DE1714AF160F8F8F20000CA1A6F08940F9
:2015C0008408DA003C07104F10A2092042082880C21FBF6FFAFFDA06AC4382223C360C42FB
:2015E000DF2F3180094FC4080940C608A20F370F7000FF80168082013C0F094FC608104F22
:2016000001A100260C212CF8094FC608C21FAC43C211370168103F01F2FF82023C128200B3
:201620003C0D094FC608104F01A000260C212CF8094FC608C21FAC43C210BF70F4FF822236
:201640003C040C425E3282423C010090910000F7D9FF986009F06809820702460B011048E4
:201660006DFFD0F4913000F8D9FFA84B09F040090B0210F10B1380F2EE08913000F8D9FF4F
:20168000A84B09F440093C274DC0E2FF370FE1F78B0F20F23C010D00400300003C013C01EF
:2016A00085F010008205020485F12C008200A640A6513C01913000F8D9FFA84B09F4400910
:2016C000264026516E030D0000033C010B2040400B3150503C013C01913000F8D9FFA84BEA
:2016E00009F040090B0410F10B1580F2EE03DA003C294DC0E2FF370FE1F78B0F20F23C01E1
:201700000D00400300003C013C0185F010008203020285F12C008200A620A6313C01913032
:2017200000F8D9FFA84B09F24009262026316E030D0000033C010B4050F10B5100F20B154D
:2017400090F23C016ECA3C0100902020404C405F0CC982103E0C82205F0F260082305F0F53
:20176000C70082405F0FE1001D00E00009CFC408BF3F0A8009C448083B30015040F46D00EE
:201780003E063C0F91000027D9221010DA00342FDA502CF80CC92CF9822440F46D004506D0
:2017A0001D00CC000CCA3B000100FE0B91000027D9221010DA01342FDA502CF80CC92CF9CC
:2017C0000CCA2CFA91300027D922FCFD0C212CFB142F2CFC825440F46D0027061D0087002A
:2017E0000CCA3B000A005F0F218091000027D9221010DA00342FDA502CF80CC92CF90CCA91
:201800002CFABB302BFB91300027F92FFCFD91300027D922FCFD0C212CFB142F2CFC825417
:2018200040F46D0002063C620CCA3B000F005F0F5E809100F02A542FEE036DFF8CF5912038
:20184000002AD9220008092FC008EE349120002A192F000874AF54AFBBA0550A7E03DA00D3
:201860003C28BB0000489B14004A6D00FF0882003C07534020F010A2DA00742FC210BF80EC
:20188000FAFFBBA055FA74AFBB0000489B14004A49A4000A3B0002506D00A80A9120002A08
:2018A000192F0008BBA0550A7E03DA003C02DA033C02DA02EE1491300027D922FCFDDA5086
:2018C0002CF80CC92CF9DAF02CFA0C212CFB142F2CFC825440F46D00A8053C0809C44808B6
:2018E0003B30015040F46D008A053C2709CFC408BF3F0A8009C448083B30015040F46D00F3
:201900007E053C1191000027D9221010DA01342F0CC88B0F04F02CF80CC92CF9822440F48C
:201920006D0083053C0A3C0909C448083B20015040F46D0064053C010090404F405C09FF54
:20194000C408BF3F098008843B30015040C46D0056053C25088F8B0F04F02CC8089F2CC90A
:20196000822440C46D006105089F82103E0482303E0C3C0E914000FFD9FF000A8270DA01AA
:201980000F0F10F06CF13C0B6DFFA2F53C0808843B20015040C46D0032053C010090200869
:2019A000404F405C08CF8F0F210008DF8F8F20F042F008EF42F074A09100F02A542F54A0C0
:2019C000FE0691000027D9229060DA002C24DA0078017B00F04A6D009D077B00F04A49A47B
:2019E000000A3B8000506D0098083C1591000027D9229060DA012C24DA0178017B00F04A9D
:201A00006D0088077B00F04A49A4000A3B8000506D00830809FFC408BF9F0A8008843B3068
:201A2000015040C46D00EB041D00B7000890DA0C5F0F9300DAF13E031D00A80008A0DA86C9
:201A4000BE01DA875F0F3000DA885F0F3A00DA895F0F4400DA8A5F0F4E00DA905F0F580059
:201A60003C7308BF82203E023C16088F8B0F04F02CC8089F2CC908AF2CCA08BF2CCB08CFC5
:201A80002CCC08DF2CCD08EF2CCE827440C46D00CC043C0808843B30015040C46D00AF0496
:201AA0003C013C5908BF82203E023C023C0808843B30015040C46D00A2043C013C4C08BF3E
:201AC00082203E023C023C0808843B30015040C46D0095043C013C3F08BF82203E023C02B1
:201AE0003C0808843B30015040C46D0088043C013C3208BF82203E023C023C0808843B3090
:201B0000015040C46D007B043C013C2508BF82203E023C12DA102CC8DA0A2CC9088F8B0F07
:201B200004F02CCA089F2CCB08AF2CCC825440C46D007B043C0808843B30015040C46D00AB
:201B40005E043C013C0808843B20025040C46D0056043C013C2108AF82403E023C0E088F6A
:201B60008B0F04F02CC8089F2CC908AF2CCA824440C46D005A043C0808843B20025040C484
:201B80006D003D043C013C0808843B20025040C46D0035043C0100902008404F405CDA0039
:201BA00074AFDA00780191000027D9221010DA01342F40C46DFF87FB089F8FFF0081089F4F
:201BC00016F086CF49F40A0A49A5000A02846D00B404022901F8002649240A0A49A5040AEF
:201BE00002F46D00AA04A6298E9808843B30015040C46D0004043C0754A409A504096D00BB
:201C0000350402298E9808843B10035040C46D00F6033C1BDA632CC809AFC408C21FACC24B
:201C200054AF60F282003C079A1010CF142F2CF8B012C21058013FF0F9FF09CFC408370F9C
:201C4000684040C46D00F1033C010090404F405C089F82204B0F0102DA003E15DA015F1F53
:201C60002E003C4A09FFC408BF5F098008843B30015040C46D00C3033C20088F2CC8089F28
:201C80002CC908AF08A46D006F043E2D08BF08B46D006A043E2808843B50035040C46D0002
:201CA000AE033C0B910000F7D9FF1810DA0134FF822440C46D00B9033C2609FFC408BF3F8F
:201CC000098008843B30015040C46D0098033C13088F8B0F04F02CC8089F2CC96D0047046B
:201CE00089C20A086D00430489C20B08824440C46D009B033C0808843B20015040C46D00B3
:201D00007E033C010090094FC408BF4F0A80094448083B30015040546D0071033C620C49F8
:201D200082303E023C560C4A82103E0A8220BE0B82305F0F2C0082405F0F36003C419100C4
:201D400000F7D9FF1010DA0134FF0C488B0F04F02C580C492C590C4A2C5A823440546D00B3
:201D600064033C36910000F7D9FF1010DA0034FF0C488B0F04F02C580C492C590C4A2C5AE1
:201D8000823440546D0051033C230C488B0F04F02C580C492C590C4A2C5A823440546D0006
:201DA00044033C160C488B0F04F02C580C492C590C4A2C5A823440546D0037033C090944EB
:201DC00048083B20015040546D0019033C013C09094448083B20025040546D0010033C01CD
:201DE0000090404F405C08AF8F8F200008BF42F009FFC408FF2F0A8008843B30015040C462
:201E00006D00FD021D00B50009FFC408BF9F0A8008843B30015040C46D00F1021D00A90056
:201E2000089F82113E131D009D00BB00F0FF5F0F398008CF8F8F200008DF42F0FF200A80B5
:201E400008843B20025040F46D00D9021D009100538020F091300028D922B06B1022542493
:201E60006D00040637026850DF05178040C46DFF2AFADA712CC8DA013C0810C210F409406E
:201E8000480889200808C21FBF6FF9FF826440C46D00CB023C05088440F46D00B0023C6052
:201EA000BBA0DFFE5F0F2F8008CF8F8F200008DF42F0538020F091300028D922B04B1022AB
:201EC00054246D00270537026850DF05178040C46DFFF9F9DA712CC8DA013C0810C210F4EF
:201EE0000940480889200808C21FBF6FF9FF826440C46D009A023C05088440F46D007F02A7
:201F00003C2F3B3020F05F0F2C8091000027D9221410DA01342FDA712CC8DA013C0810C27C
:201F200010F40940480889200808C21FBF4FF9FF913000F7B9FFFCFD8F8F3F0089C00C0841
:201F40002CCD912000F809FFC0088F8F3F0089C00E082CCF3B80004040C46D0066023C0840
:201F600008843B20015040F46D0049023C010090094FC408FF3F0A80094448083B3001502B
:201F800040546D003C023C5E0C493BF00F003FF053800C4A3BF00F003FF04E80094FC40826
:201FA000FF9F42800C4B3BF00F003FF03580910000F7D9FF181014FFDF1F2680DA016E1BA9
:201FC000DA016E110C488B0F04F02C580C49160F2C590C4916F086CF2C59826440546D0026
:201FE00024023C08094448083B00075040546D0006023C08094448083B20025040546D00B0
:20200000FE013C08094448083B30035040546D00F6013C08094448083B10035040546D00AA
:20202000EE013C08094448083B30015040546D00E6013C08094448083B10035040546D00AC
:20204000DE010090404C405D820482050CC98FFF00810CC916F08FCF3F9082003C088F8416
:2020600000409A2010CF088F42F4C2103F80F9FF82003C0D8F852010370170109A28420F57
:2020800010CF088F42F137017050C2103F90F4FF91000027D922F0A082003C0A0120004699
:2020A0009A28429F420F10CF088F344FC2103F50F7FF913000F8D9FFB06B54FF3FF4198011
:2020C000913000F8D9FFB06B09FF14397FF41180910000F7D9FF9060DA0234FF91000047C4
:2020E000D944F0A06D008206370268F03C02DA02EE1D40D46DFFE7F89A28429FACD2820086
:202100003C0801D0002601C000F6088F2C28C21009DFC4083FF0F7FF0CD88B0F04F02CD8C1
:20212000826440D46D0081013C1F40D46DFFCBF8DA7F2CD8DA013C0910D210CF08708920B9
:202140000808C21F370F68F009D0C408C2103F0FF57F0CC88B0F04F0370F68403B4002509A
:2021600040D46D004C010090094FC408BF3F0A80094448083B30015040546D0040013C1A64
:202180000C49EE0C0C488B0F04F02C580C492C59822440546D0049013C0D0C493B000800DE
:2021A0007E023C08094448083B20015040546D0026010090094FC408BF3F0A800944480811
:2021C0003B30015040546D001A013C310C4982103E048220BE033C23910000F7D9FF1C1043
:2021E000DA0134FF0C488B0F04F02C580C492C59822440546D0019013C1A910000F7D9FF1A
:202200001C10DA0034FF0C488B0F04F02C580C492C59822440546D0008013C0909444808B3
:202220003B20015040546D00EA003C0100908208910000F7D9FFB49039F02C80DA105F0FDF
:202240002200DA115F0F2F00DA225F0F3C00DA235F0F4900DA275F0F5500DA285F0F6100E5
:20226000DA315F0F6D00DA345F0F7900DA3D5F0F8500DA3E5F0F9100DA855F0F9D001D00DB
:20228000AA00910000F7D9FFB490D9F42480910000F7D9FFB49049F51C0A6DFF58FA1D009C
:2022A000AB00910000F7D9FFB490D9F42480910000F7D9FFB49049F51C0A6DFF40FB1D0092
:2022C0009B00910000F7D9FFB490D9F42480910000F7D9FFB49049F51C0A6DFF62FB1D0060
:2022E0008B00910000F7D9FFB490D9F42480910000F7D9FFB49049F51C0A6DFF4FFC3C7BC8
:20230000910000F7D9FFB490D9F42480910000F7D9FFB49049F51C0A6DFF9AFC3C6C910065
:2023200000F7D9FFB490D9F42480910000F7D9FFB49049F51C0A6DFFE8FC3C5D910000F7A0
:20234000D9FFB490D9F42480910000F7D9FFB49049F51C0A6DFF47FD3C4E910000F7D9FF4E
:20236000B490D9F42480910000F7D9FFB49049F51C0A6DFFFFFD3C3F910000F7D9FFB49019
:20238000D9F42480910000F7D9FFB49049F51C0A6DFF5AFE3C30910000F7D9FFB490D9F423
:2023A0002480910000F7D9FFB49049F51C0A6DFFDDFE3C21910000F7D9FFB490D9F42480B8
:2023C000910000F7D9FFB49049F51C0A6DFFF4FE3C12910000F7D9FFB49049F41C0A9100B1
:2023E00000F7D9FFB49039F42C803B2002506D0006003C0102823C0100904045DA03345F4E
:20240000DAAA2C51DA03AC52DA7F2C588954090889550A08910000F7D9FF1C61D9F40C115E
:202420006DFF5DF700904045DA03345FDAAA2C51FF640580DA06AC523C03895484083C08A4
:20244000015400F6DA552CF8C21437046840095FC4083FF4F7FF910000F7D9FF1C61D9F41E
:202460000C116DFF3CF700900243025F82027B0000073F031980BBF0FF0D9B2000073F30A1
:20248000138082404B03110276138F124021423FC2FFBBF0FF0D9B2000077FF004808F229C
:2024A00040213C48913000F8D9FFB06B54F03F031E80913000F8D9FFB06B09F014393F3006
:2024C000168082404B03110276138F124021423FC2FF913000F8D9FFB06B09F01439C2F0D2
:2024E0003F0F04808F2240213C25913000F8D9FFB04B54F03F031D80913000F8D9FFB04B5C
:2025000009F03C193F30158082404B03110276138F12402142F3C2F3913000F8D9FFB04B45
:2025200009FF3C197F3F04808F2240213C038F1240213C010090DA008200BF141180FF54C9
:202540000F80DA003C07104F14F18F8000004210C21F3F4FFA7F745082023C038F2F40217C
:202560003C01009002423C010090A0046D002424370268406D001B248208DAFF6D0006249D
:20258000C20FC21F4BF201024218370868203C0100906D00591E0090910000F7D9FF1883EC
:2025A000D4FF484F3C01910000F7D9FF302174FF910000F7D9FF302191000027D92230219B
:2025C0000920040952006820910000F7D9FF30216CF1910000F7D9FF201091000027D9229A
:2025E00018515420A20F74FF910000F7D9FF201054FFBB00350C3F0F6980910000F7D9FF64
:20260000185191000027D9221851542FBB00350C420F74FF910000F7D9FF1C51910000276D
:20262000D9221C51542FC21F74FF6DFF2AEE910000F7D9FF241014FFEE12910000F7D9FFD0
:202640001C5154FF3B00FA003F0F0A806DFF5CF1910000F7D9FF2410DA0134FF910000F7CA
:20266000D9FF1C5154FF3B803E004B0F1102DF012D80910000F7D9FF20513B2012F0B4FFEE
:20268000910000F7D9FF2051DA012CF2910000F7D9FF2051DA012CF3910000F7D9FF2051D4
:2026A000DA012CF4910000F7D9FF2051DA012CF5910000F7D9FF2051DA012CF691000047AC
:2026C000D94420516DFF5CF400902010910000F7D9FF2810DAA034FF49A4000A6D006318CC
:2026E0006D004118B4A23B6078F4ACA19130004FD944004649A5000A6D0069186D00471845
:2027000002246D0020174DC0E2FF3C010D00400300003C016D00C61B6D0094216D00191C25
:202720006DFF63EF6DFFDDF06D00A021910000F7D9FF2810DAA134FF6DFF29F26DFF34ED1A
:20274000910000F7D9FF2810DAA234FF910000F7D9FF1883D4FF484F3C01910000F7D9FF30
:20276000185174FF0D0000033C0A6DFF17FF6DFF23F26D00F81702246D008E183CF70090AC
:20278000910000F7D9FF102054FF6E2F910000F7D9FF102054FF910000F7D9FF301010F432
:2027A0008204910000F7D9FF102054FF8B0F02516D00C122910000F7D9FF2C1054F49100FE
:2027C0000047D94430106D008801F629910000F7D9FF1020DA0074FF82023C09910000F712
:2027E000D9FF1020DA0074FF82123C0100909100014791200058D95542033B0010406D00D6
:202800006822910000F7D9FF2C5191000127F4F2910001474944004A91200058D9554A136E
:202820003B0010406D005522910000F7D9FF2C51910001274922004AE81291000147D944EE
:20284000008091200058D9550CF33B0010406D004022910000F7D9FF2C5191000127D922D7
:202860000080E82291000147D94400C091200058D95574033B0010406D002B22910000F79D
:20288000D9FF2C5191000127D92200C0E83291000147D944400091200058D95570133B002A
:2028A00010406D001622910000F7D9FF2C5191000127D9224000E84291000147D9444040B2
:2028C00091200058D955B8523B0020406D000122910000F7D9FF2C5191000127D92240407B
:2028E000E85291000147D94440C091200058D955F2123B0020406D00EC21910000F7D9FFF8
:202900002C5191000127D92240C0E8623C01009002486D003C1702294DC0E2FF370FE1F72E
:202920008B0F20A23C010D00400300003C0102946D009615DA019110F0FAD9FF909A9110BA
:20294000F02AD922989A9110F04AD944A8AA9110F05AD955A8AA74F8742FDA80744FDA5025
:20296000745F0D00800402946D00C01776A30D00000382023C010090913000FFD9FF3036A1
:2029800054FF370F6EF18FFF83813C01913000FF19FF30366F1F12008F2820F09601913073
:2029A00000FF19F03036370070088F002100A60F913000FF59FF30368F2820F096029130F7
:2029C00000FF19F03036370070088F002100A60F913000FF59FF30363C01913000FF19FFE2
:2029E00030361601DF1FFB7F910000F7D9FF2C51D4FF82152D0F0000913000FF19FF303621
:202A00006F1F12008F2820F09601913000FF19F03036370070088F002100A60F913000FFB5
:202A200059FF303686288F3840F1913000FF19F03036370070088F002100A60F913000FF2F
:202A400059FF30363C01913000FF19FF30366F0FFC7F910000F7D9FF2C51C81F8204823543
:202A60002D0F00003C01009002484DC0E2FF370FE1F78B0F20F23C010D00400300003C0181
:202A80006DFFB7FE910000F7D9FF2C51C85F02842D0F00006E030D000003910080FF39FF86
:202AA00013026F2F1180910080FF39FF1102AE3B910080FF39FF1102AE46910080FF39FFF7
:202AC00011022E5382F23C0382023C0100906DFF90FE3C0100900248404C910000F7D9FF61
:202AE0002C51C86F3B000250028440C42D0F000082003C0C600F01F800F614F101C000F6EB
:202B000014FF3E1382023C07C210DA203FF0F4FF82123C0100900248404C913000FFD9FFCD
:202B2000303654FF370F6EF18FFF83913C01914000FFD9FF000ADA018F8F20F06CF1DA0066
:202B40008210EE0C3C01910080FF19FF100282110F011010261FEEF83C023C040D00800475
:202B60003C01DA084BF511A2820C3C76DA0803FC0AD89100F0FAD9FF5455B70D18007B00ED
:202B800000FA7E04DA5074FF3C0CB70D18007B00F0FA7E04DA5D74FF3C040D0080043C0159
:202BA000DA008210EE0C3C01910080FF19FF100282110F011010261FEEF83C023C040D00BF
:202BC00080043C01532C20F0534F20F010CF54F0532C20F0C21F534F20F010CF54FF76D135
:202BE0009100F0FAD9FF707574F0B04F74FF0D00800402946D0034149110F0FAD9FF909A5E
:202C00009110F02AD922989A9110F04AD944A8AA9110F05AD955A8AA74FDDA00742FDAA0AF
:202C2000744FDAAA745F0D00800402946D005E16DA008210EE0C3C01910080FF19FF100295
:202C400082110F011010261FEEF83C023C040D0080043C01C21C3FAC8BFF914000FFD9FF3F
:202C6000000A7B1000F08F8F20F06CF182023C0100900248404C913000FFD9FF303654FFCC
:202C8000370F6EF18FFF83C13C01DA204BF511A2820D1D00A700DA2003FD0A98910000F71C
:202CA000D9FF2C51C82F02942D0F0000910000F7D9FF2C51C81F820482352D0F0000820E29
:202CC0003C20910000F7D9FF2C51C83FDA0882404B0E110203FD0AF0534F20F010C25425AD
:202CE000DA0882404B0E110203FD0AF0C21F534F20F010C2542602942D0F00008B8E00E020
:202D0000DA203FFEE0FF913000FF19FF30366F1F12008F2C20F09601913000FF19F030362E
:202D2000370070088F002100A60F913000FF59FF30368F2C20F09602913000FF19F030366F
:202D4000370070088F002100A60F913000FF59FF30363C01913000FF19FF30361601DF1F51
:202D6000FB7F910000F7D9FF2C51C84F02942D0F0000913000FF19FF30366F1F12008F2C7A
:202D800020F09601913000FF19F03036370070088F002100A60F913000FF59FF30368F2C10
:202DA00020F09603913000FF19F03036370070088F002100A60F913000FF59FF30363C016C
:202DC000913000FF19FF30366F0FFC7F910000F7D9FF2C51C81F820482352D0F0000C21DA0
:202DE0003FAD5BFF3C0100900248404C0259914000FFD9FF000ADA018F8F20F06CF14DC06A
:202E0000E2FF370FE1F78B0F20F23C010D00400300003C016DFFEDFC910000F7D9FF2C510B
:202E2000C86F028440C402952D0F00006E030D000003914000FFD9FF000A7B1000F08F8F32
:202E400020F06CF1910080FF39FF13026F1F1180910080FF39FF1102AE3B910080FF39FFFD
:202E60001102AE46910080FF39FF11022E5382F23C0382023C010090913000FFD9FF00468D
:202E800054FF370F6EF18FFF83813C01913000A7D9AA408B0D0080043B0098F0CD4FE00F56
:202EA0000D00C0044D00E0FFB70F14F0CD0FE00F0D00C00482117617DA009601CD4F2009D9
:202EC0000D00C0044DC0E1FF8F7F00213C01913000FFD9FF004653C220F010FF54F037003B
:202EE0006E018FF083313C01913000FFD9FF004653C220F010FF54FF2E1B8F2320F09601EC
:202F000054F0370070088F002100A6F074F08F2320F0960254F0370070088F002100A60F62
:202F200074FF3C0154FF1601DF1FFE7FDA00761382003C028210370F81F0CDCF20090D00BE
:202F4000C004913000FFD9FF004653C220F010FF54FF2E1B8F2320F0960154F037007008B3
:202F60008F002100A60F74FF86238F3340F154F0370070088F002100A60F74FF3C0154FF82
:202F80006F0FFF7F0D00C00482114DC0E1FF8F7F00213C01913000FFD9FF004653C220F075
:202FA00010FF54F037006E018FF083313C01913000FFD9FF004653C220F010FF54FF2E1BFA
:202FC0008F2320F0960154F0370070088F002100A6F074F08F2320F0960254F037007008AE
:202FE0008F002100A60F74FF3C0154FF1601DF1FFE7FDA00761382003C028210370F81F06B
:20300000CD0F04090D00C004913000FFD9FF004653C220F010FF54FF2E1B8F2320F09601EF
:2030200054F0370070088F002100A60F74FF86238F3340F154F0370070088F002100A60FD1
:2030400074FF3C0154FF6F0FFF7F0D00C004913000FFD9FF004654FF2E1B8F2820F09601C8
:2030600054F0370070088F002100A60F74FF8F2820F0960254F0370070088F002100A60FCE
:2030800074FF3C0154FF1601DF1FFE7F91A000F8D9FF000880FFCD4FE20F0D00C004919014
:2030A00000F8D9FF000080FFCD0FE20F0D00C004913000F7D9FF80CB80FFCD8FE20F0D006F
:2030C000C004913000FFD9FF004654FF2E1B8F2820F0960154F0370070088F002100A60FFC
:2030E00074FF8F2820F0960354F0370070088F002100A60F74FF3C0154FF6F0FFF7F910015
:203100000000D900000091000010D911000091000080D988000091000090D9990000913085
:2031200000F7D9FFC00B91300027D922C00DA004802080FFA2F0DA404BF0114282003C1E6C
:2031400080FFB70F1CF08F4F1F1080FFBBF0FF2F0662262F06AFA6F1F606CD81E30F0D0067
:20316000C0043C0274419AD47E05CDC1E30F0D00C00440F449FF001AC2103F40E3FFDA00B3
:20318000744F6D000413022F02846D00981102F46D00D9116DFFFFF902846D00391202F436
:2031A0006D007B12912000F8D9FF4AB2DC0F0090200840BF3C0180F2370368F4B75F08F0A3
:2031C00037F30834370468F037F308304DC0E1FF16073C013703680837F003F037F308381F
:2031E0003C0189A2400909A0400900A00D00400200800090200840BF3C0180F2370368F4C1
:20320000B74F08F037F30834370468F037F308304DC0E1FF16073C013703680837F003F04A
:2032200037F308383C0189A2400909A0400900A00D00400200800090200840BF3C0180F2AC
:20324000370368F4B73F08F037F30834370468F037F308304DC0E1FF16073C01370368089E
:2032600037F003F037F308383C0189A2400909A0400900A00D00400200800090200840BF01
:203280003C0180F2370368F4B72F08F037F30834370468F037F308304DC0E1FF16073C0169
:2032A0003703680837F003F037F308383C0189A2400909A0400900A00D004002008000903E
:2032C000200840BF3C0180F2370368F4B71F08F037F30834370468F037F308304DC0E1FF6C
:2032E00016073C013703680837F003F037F308383C0189A2400909A0400900A00D004002B4
:2033000000800090200840BF3C0180F2370368F4B70F08F037F30834370468F037F3083018
:203320004DC0E1FF16073C013703680837F003F037F308383C0189A2400909A0400900A0D5
:203340000D00400200800090200840BF3C0180F2370368F4B77F08F037F30834370468F07B
:2033600037F308304DC0E1FF16073C013703680837F003F037F308383C0189A2400909A01C
:2033800040090D00400200800090200840BF3C0180F2370368F4B76F08F037F3083437045A
:2033A00068F037F308304DC0E1FF16073C013703680837F003F037F308383C0189A240092D
:2033C00009A040090D004002008000909100F0FAD9FF5455B70418F07B00000A7E05DA50AB
:2033E00074FF82023C0EB70418F07B00F00A7E05DA5D74FF82023C050D00800482123C0100
:2034000000909110F0FAD9FF909A9110F02AD922989A9110F04AD944A8AA9110F05AD95544
:20342000A8AA74F47425DA80744FDA50745F0D008004009076419100F0FAD9FF707574F5A6
:20344000B04F74F60D0080040090F64C3C01910080FF19FF100282100F501000260FEEF80D
:203460003C0382123C050D00800482023C0100909110F0FAD9FF909A9110F02AD922989AE1
:203480009110F04AD944A8AA9110F05AD955A8AA74F4DA00742FDAA0744FDAAA745F0D00F1
:2034A00080040090404F6D005E11022802846D00AF0F14FF960134FF02846D00F011009051
:2034C000DA010F4F00F06C4700900246530622F0104FD9FF00013C01822482056D001104A9
:2034E000BBF0FFFF6CF7DA0074FFDA006CF1DA006CF2BBF0FFFF9BFFFFF36CF3DA006CF436
:20350000DA006CF5DA006CF60090404F405C823440F46DFFD7FF484F89CF0609485F89CF50
:203520000A09083F160F3C012CC44860370068FC2E53DA003C02DA1237007D00325F0FF0D3
:2035400010003C0174C0009009421C093C010090404F405C09FF5C086F3F2E0040F440C571
:203560006DFFD5FF4878370868F02E243B0008903C18370868F06F3F13003B00089040F4DC
:2035800040C56DFFC4FF4870370068F0AE37370068F0AE248F0950913C013C033B0010909A
:2035A000370868F02E47824440F46DFF8BFF8F0948913C033B00049002923C010090404FA0
:2035C000405C820809F05D086F001A003B000280910000F7D9FF142091000027D9221420A6
:2035E0005420C21074F0910000F7D9FF142054F03B803E103F10038082083C3791000027B9
:20360000D922142082007420825440F46DFF5AFF09CF06096CF409CF0A096CF509FF5B0898
:20362000370FE1F28B0F20F23C0154C06E0382013C033B200110486F0F100000370F1DF0AC
:203640006CF609C04408083F370F04F02CF3823440F46D000E00825440F46D000A003B80B2
:20366000004040F46D00050002823C010090DA018B0401000F0F00F06C470090404F405C2C
:20368000820809FF5D082E043B0002803C373B90004040F46DFF16FF09CF06096CF409CFF2
:2036A0000A096CF53B90004040F46DFFE2FF09F05B083700E1028B0020F23C0154C06E0335
:2036C00082013C033B200110486F0F100000370F1DF06CF609C04408083F370F04F02CF37C
:2036E000823440F46DFFC5FF825440F46DFFC1FF3B80004040F46DFFBCFF02823C010090D3
:20370000DA01744FDA006C41DA006C42DA006C43DA006C447B0006F06C45DA006C460090AB
:20372000404C405F0258C82408CF3704685002F46D00510AC82408C402856D00840A0CCC7E
:2037400009F05008370F03F02CCC82123C010090405F0258C82408CF09F55008A64502F493
:203760006D00390AC82408C402856D006C0A82123C01009002483B000490DA108B8F0000F9
:20378000C2103B8000308204821A3B8000B04B056111BBD0CC2C9BC2D4234B214120821CDB
:2037A0003C404B0C41114B1851D04B0561114B1D51104B0131E1F6E23C364B0E41114B1D1A
:2037C00051D04B0561116B0131FD82014B1F01F0AE064B0561F16B0F311D3C074B0561F18B
:2037E0006B0F31FD67FFBF1F7F3E03003C1C3FE018004B1201F016068B0F20F26E1102C433
:2038000002EB0212DA143FEF0C00BBD0CCFC9BCFDCF34BF101F0370F61F06E023C04C21CA1
:203820007FC9C17FF6459A197EC3029402EBF6457F3E0400821402EB4B0661F1BBA099092F
:203840009B90E1034B0F41503B00018002893C1C9A193B007102E2F04BB001220B62800091
:203860000B00C0014B0041114B1501F0370F61F16E0402984B0041517F620600DA107E922C
:203880003C013C04C2F9FF39E57FDA03C2FF7E94DA107E8282385A8B92F3DA087F3F0400F2
:2038A0003B800030FF23030082233B0000249BC2612482153C143B007102E2504BB001024D
:2038C000A2700B00C0014B0041114B120110370161F16E04025A4B004121C2157F53ED7FE5
:2038E000DA00C2F437046800370F06F0C2FA370A6800370F02F3C2F837086800370F04F41A
:20390000C2F337036800370F03F68200370F81F76C44009002483B000490DA108B8F000074
:20392000C2103B8000308204821A3B8000B04B056111BBD0CC2C9BC2D4234B214120821C39
:203940003C404B0C41114B1851D04B0561114B1D51104B0131E1F6E23C364B0E41114B1D78
:2039600051D04B0561116B0131FD82014B1F01F0AE064B0561F16B0F311D3C074B0561F1E9
:203980006B0F31FD67FFBF1F7F3E03003C1C3FE018004B1201F016068B0F20F26E1102C491
:2039A00002EB0212DA143FEF0C00BBD0CCFC9BCFDCF34BF101F0370F61F06E023C04C21C00
:2039C0007FC9C17FF6459A197EC3029402EBF6457F3E0400821402EB4B0661F1BBA099098E
:2039E0009B90E1034B0F41503B00018002893C1C9A193B007102E2F04BB001220B628000F0
:203A00000B00C0014B0041114B1501F0370F61F16E0402984B0041517F620600DA107E928A
:203A20003C013C04C2F9FF39E57FDA03C2FF7E94DA107E8282385A8B92F3DA087F3F040050
:203A40003B800030FF23030082233B0000249BC2612482153C143B007102E2504BB00102AB
:203A6000A2700B00C0014B0041114B120110370161F16E04025A4B004121C2157F53ED7F43
:203A8000DA00C2F437046800370F06F0C2FA370A6800370F02F3C2F837086800370F04F478
:203AA000C2F337036800370F03F66C4E009002483B000490DA408B0F0200C2103B8000309A
:203AC0008204821A3B8000B04B056111BBD0CC2C9BC2D4234B214120821C3C404B0C411130
:203AE0004B1851D04B0561114B1D51104B0131E1F6E23C364B0E41114B1D51D04B05611119
:203B00006B0131FD82014B1F01F0AE064B0561F16B0F311D3C074B0561F16B0F31FD67FF1C
:203B2000BF1F7F3E03003C1C3FE018004B1201F016068B0F20F26E1102C402EB0212DA140E
:203B40003FEF0C00BBD0CCFC9BCFDCF34BF101F0370F61F06E023C04C21C7FC9C17FF6458A
:203B60009A197EC3029402EBF6457F3E0400821402EB4B0661F1BBA099099B90E1034B0F46
:203B800041503B00048002893C1C9A193B007102E2F04BB001220B6280000B00C0014B009D
:203BA00041114B1501F0370F61F16E0402984B0041517F620600DA407E923C013C04C2F998
:203BC000FF39E57FDA03C2FF7E94DA407E8282385A8B92F3DA207F3F04003B000230FF2310
:203BE000030082233B0000249BC2612482153C143B007102E2504BB00102A2700B00C00139
:203C00004B0041114B120110370161F16E04025A4B004121C2157F53ED7FDA00C2F43704B4
:203C20006800370F06F0C2FA370A6800370F04F4C2F837087000370F06FBC2F33703680036
:203C4000370F05F88200370F81F76C440090404F82083C0640F402846DFF39FCC218DA80B7
:203C60003FF8FAFF82083C0B3B0010F0E28F10F2D92400803C016DFF45FDC218BF38F6FF67
:203C800082003C0C534020F060F29140003F3023D9328048DA00742FC210DA103FF0F4FFD4
:203CA00082003C08534020F010F2DA00892F0059C210BF80F9FFDA0089FF0079DA0089FF68
:203CC00008796D00500D022802846D00A10BDA006CF302846D00E30D02846D00990BDA0142
:203CE00074FF02846D00DB0D0090534420F060FF9140003F30F3D93280483C0100903706D0
:203D000068F037FF08F837056800370F08FC37046800370F08F0894F04793C01094F45789F
:203D20006F0FFEFF00902010F4A4405CD4C2F4424CC1D4A26C2109CFC808AC24DA00892F2E
:203D40000A09D42FD4FDD4AF481F530F22F010DFD9FF00013C010CCDBF9F048082183C0286
:203D60008208820909CF5C086E0709CF5C081E3409CF5C085E228219820A09CF5C081E179B
:203D800009CF5C081E3409CF5C085E2609CF6C0816011E12821A09CF6C082E04DA017803D2
:203DA0003C03DA007803DA007801820B09CF6C0816019E11DA00780109CFC808BF2F05800F
:203DC0007693DA017801820B09C0C808BF20048076A2821B820C09C0C808BF200580580362
:203DE0006E02821C820D4CCDEE044CC1921E3C0309CE340909C0C8089AF042EF7802825467
:203E000040F46DFF5FFB820440F46DFF5BFB821440F46DFF57FB822440F46DFF53FB82345A
:203E200040F46DFF4FFB824440F46DFF4BFB826440F46DFF47FB3B80004040F46DFF42FB4C
:203E40008224D4A2D42209250808C215D4A20926040940D46DFF55FF768F8224820509C6B4
:203E6000100940D46DFF4DFF8224820509C6140940D46DFF46FF09CFC808BF2F1380DA007C
:203E80003C0C12E68224D4A2D42209250808C21540D46DFF36FFC21F09C0C8083F0FF3FF4C
:203EA00009CF5C086E0409CF5C085E35827440F46DFFDFFBDF0A180009CF6C0816019E1300
:203EC0003B90004040F46DFFD4FB3BA0004040F46DFFCFFB826440F46DFFCBFB825440F48D
:203EE0006DFFC7FB09CF5C081E1409CF5C085E3B09CF6C0816011E173BB0004040F46DFFEE
:203F0000B8FB3C063BB0004040F46DFFDBFA09CFC808DF1F228058036E0FDA0414F037F0E3
:203F200004F034FF4CCCEE05D4A24C21921D3C0309CD30093C10D4C20C296E087687DA0506
:203F400014F037F004F034FF3C06DA0014F037F004F034FF3C1758016E07DA0114F037F07A
:203F600004F034FF3C0F76B7DA0214F037F004F034FF3C0876C7DA0414F037F004F034FFC3
:203F80003C01820009CF68086E0376928210020F6E0382103C028200082F370F01F02CF2AF
:203FA000820009CF6A086E0376A28210020F6E0382103C028200082F370F81F02CF209CF62
:203FC0005C08BA3F6E0382103C028200082F370F81F22CF2D4C20C296E1EDF081D00DA017D
:203FE0006E03DA013C02DA0014F037F001F334FF09C04D08083F370F04F02CF309CF580815
:2040000016016E03DA013C02DA0014F037F081F234FF3C0709C04D08083F370F04F02CF353
:2040200009CFC808DE195803EE170CCC370FE1F06E0382103C028200082F370F81F32CF2C0
:204040000CCC16016E0382103C028200082F370F01F32CF23C13DA006E0382103C02820033
:20406000082F370F81F32CF2DA006E0382103C028200082F370F01F32CF209CFC808DE1E61
:20408000DF0811004CC50840370F68F037F008F02CF44CC40850370F68F037F008F02CF5AC
:2040A0003C0C58036E08086F370D6800370F08F02CF63C03DA006CF13C20084F370E68008E
:2040C000370F08F02CF4D4A2892E0A0908500CA837F008F02CF5086F370E6800370F08F094
:2040E0002CF65801EE0276B9580292F0087F37006800370F08F02CF709C01E090CCE1601E2
:204100006E0382013C033B200110483F0F100000370F1DF06CF30CCE370FE10008FF370F5A
:2041200081F22CFF09C022090CCE16016E0382013C033B200110486F0F100000370F1DF034
:204140006CF60CCE160109F05B0837F081F289FF1B0809CF660809F05B0837F002F389FF25
:204160001B08DA006CF4DA006CF509C06908088F370F04F02CF809C06B08088F370F04F269
:204180002CF8D4A24C210890370F68F037F008F02CF958016E1D82083C171A8E530F22F0C1
:2041A00010D2D92E00013C01827440E46DFF8AF909C04D080CE3370F04F02CE3DA006CE44F
:2041C000DA006CE5C21809CFC8083FF8E8FFDF0B7F0082083C780B8E0090530922F010D2F4
:2041E000D92E00013C01823014E1370104F034EFD4A24C2109E04608370F68F037F008F0AD
:204200002CE609C04D080CE3370F04F02CE3DA006CE4DA006CE509C01E090CCE16016E038F
:2042200082013C033B2001104CE30F100000370F1DF06CE30CCE370FE1000CEF370F81F2AB
:204240002CEF09C022090CCE16016E0382013C033B2001104CE60F100000370F1DF06CE6C9
:204260000CCE160109E05B0837F081F289EF1B0809CF660809E05B0837F002F389EF1B0883
:204280003B90004040E46DFFF4F9825440E46DFFF0F95FE908803BA0004040E46DFFE9F9EA
:2042A0003C063BA0004040E46DFF0CF909CF5C081E1409CF5C085E363BB0004040E46DFF13
:2042C000D8F9C21809CFC8083FF887FF09CF5C08EE09826440F46DFFCCF9825440F46DFFDA
:2042E000C8F909CFC808BF2F248082093C1D0B9E0080530822F010D2D92E00013C01F6B577
:20430000825440E46DFFB5F9F6CE09C0C8089AF07E9302E83C02C2180CE437086800370FB2
:2043200008F02CE4C21909CFC8083FF9E2FF58036E3009CF6E0816016E0382103C028200B8
:20434000081F370F01F12CF109CF6E08370FE1F06E0382103C028200081F370F81F12CF1BD
:2043600009CF6E08370F61F16E0382103C028200081F370F81F02CF109CF6E08370FE1F133
:204380006E0382103C028200081F370F01F02CF182023C010090F445DA006C41DA01AC4403
:2043A000DA082C4DDAFC6C44DAFD6C45094F5808B70F01F0894F18080C4EB70F01F02C4EA2
:2043C0000C4EB70F81F02C4E0C4CB70F01F02C4C0C4CB70F81F02C4CBBF0FFFF9BFFFFF70B
:2043E000894F1E09DA00894F2209DA00894F1C08DA02894F2608DA00894F2808DA00894F95
:204400002908DA00894F2A08DA00894F2B08DA006C4D094F6C08B70F01F0894F2C08094F28
:204420006E089601894F2E08094F6E089602894F2E08094F6E089604894F2E08094F6E08A9
:204440009608894F2E08DA006C4C0090094FC808BF2F1680D44FD4FF094F0A09530F22F00D
:2044600010FFD9F400013C016DFF70F8370268F02E0382123C0282023C013C14D44FD4FFB3
:204480004C41530F22F010FFD9F400013C016DFF5DF8370268F02E0382123C0282023C01EB
:2044A0003C010090094FC808BF2F1680D44FD4FF094F0A09530F22F010FFD9F400013C0194
:2044C0006DFF44F8370268F42E0382123C0282023C013C14D44FD4FF4C41530F22F010FF85
:2044E000D9F400013C016DFF31F8370268F42E0382123C0282023C013C010090404C405DCD
:2045000009CFC808BF2F058009CF0A093C024CC1D4C2D422530F22F0102FD9FF00013C01F5
:20452000820440F46DFFCEF740F440D56DFF12F86F820C0009CFC808BF2F0880084F16FF4A
:204540003C0189CF0A093C013C010090404F405C09FFC808BF2F118009F80A09D4F2D42257
:20456000481F530F22F01022D92400013C0182546DFF7FF83C024818D4F2D422530822F073
:204580001022D92400013C0191000027D9220861F42409FFC808BF2F068040C56DFF70F855
:2045A0003C0440C56DFF0DF8DF02118009FFC808BF2F0D8091000027D9220861D4220C243E
:2045C00016FF3C0189FF0A093C013C0100902008404C405DD4D209DF04083B001000E20FBD
:2045E0001022D92F00803C018208D4D2F4C2ECC109DF04082CC8DA002CC9DA4174FF09DF04
:2046000076086E03DA013C02DA0014F037F081F034FF09DF78086E03DA013C02DA0014F019
:2046200037F001F134FF09DF7A086E03DA013C02DA0014F037F081F134FF0CD514F08B0F11
:2046400020F237F081F334FF14FFB70F01F034FFDA006CF209D07708089F370F04F02CF9E7
:2046600009D07908088F370F04F22CF809D07B08088F370F04F02CF809D07D08089F370F4D
:2046800004F22CF909D07F0808AF370F04F02CFA7B0006F06CF509FF5408B70F08F089FF0C
:2046A000140809FF5508B70F08F089FF150809DF750809F0560837F008F089FF16080CD6B3
:2046C00008D08B0F20F237F001F02CFD4CDC6E0F09D5B00909D4740809D5401840F46DFFAA
:2046E00039F87623DA003C02DA04A6F84CDA6E0F09D5A80909D42C0809D5401840F46DFF43
:2047000011F87623DA003C02DA04A6F8D4C2F4A249A4000A6D001A01022909DF5008EE0C53
:2047200009D5080909D6CC0809D7CE0840F402946DFF22F83C3F821014FF960134FF76036E
:2047400082103C028200081F370F81F02CF114FFB70F01F034FFDA012CC909D5140909D665
:20476000DA0809D7D80840F402946DFFA2F909D51C0909D6E20809D7E00840F402946DFFFC
:20478000CBF809DFE4086E1609DFE40809F07D08370F68F037F004F089FF3D08DA016E03DA
:2047A000DA013C02DA0009F07D0837F081F389FF3D08DA0109F05A0837F082F189FF1A08A6
:2047C00009DF7C086E03DA013C02DA0009F05A0837F001F389FF1A0814FFB70F01F334FFE9
:2047E00002823C010090D45FF44FDA002C44DA002C46DA002C453B90D0F3065F6C423B0035
:20480000F4F1AC463B007DF0AC47DA00894F10083B90D0F3065F6C453B007DF0AC4C3B00DD
:20482000F4F1AC4D3B90D0F3066F6C473B007DF0894FA0083B00F4F1894FA208DA00894F68
:20484000A408A00FEC4ADA10894F2C08A00FEC4CDA80894F3408DA01894F0018DA00894FFF
:204860003608DA00894F3708DA00894F3808DA00894F3908DA00894F3A08DA00894F3B083B
:20488000DA00894F3C08DA00894F3D08DA00894F3E08DA00894F3F08DA60894F350800905B
:2048A000404C405DD4C2092F4878160F3C012CD4DF1F3C806D009E029130002F392F340686
:2048C000160FEE0382003C0A913000FF39FF3406160F4B0F41F14BF251003C01D4CF08DFC2
:2048E000370F62F33C01D4CF09F1CC0837016A103C015E1B3B0040F0A21F4B0F41F14BF014
:2049000051F089DF06093C105E2C4B0161F14BF041F07B0048044B0F51F089DF06093C04E6
:20492000DA0089DF06093C105E266D00C70189D206093C0A5E466D00E80189D206093C04CD
:20494000DA0089DF06090090205049A5000A6DFFA9FF09A206093C010090404C405DD4DF97
:20496000F4CF0CD4DF1FD2806D005C0202287B0048F409D006094B0851006B0031FF8200EF
:204980004B0F01F0AE0A7B0048F409D006094B0851006B0031FF3C02DA00BB00000C9BF0CC
:2049A00047044B0F01F0370F61F06E187B0048F409D006094B0851006B0031FF82004B0F8A
:2049C00001F0AE0A7B0048F409D006094B0851006B00314F3C0282043C05BB00004C9BF465
:2049E00047446D001B0C02293B0040F0A29F4B0F41F14BF851A009DF06097B0048044B0FE9
:204A000041F04B8F51F0BB00000C9BF047044B0F01F0AE06BB00004C9BF447443C0909DF60
:204A200006097B0048044B0F41F04B8F51406D00F50B4B0261F14BF841F07B0048044B0F09
:204A4000513009DF06096B0A31FF82004B0F01F0AE0609DF06096B0A310F3C0709DF0609D2
:204A60006B0A31FF67FFBF0F09DF06096B0331FF82014B1F01F0AE0609DF06096B0331FFA1
:204A80003C0709DF06096B0331FF67FFBFFF4BF001F016038B0F20F26E023C0202296E03DF
:204AA00082183C0282286D005E06022A02A46D00AF0414FFB70F01F034FF14FF960834FFD0
:204AC0003C0114FF370FE1F0BA0F3C016EFBDA0009F0487837F004F089FF0878DA0109F076
:204AE000487837F004F089FF087809FFCC08379F0AF0ACF608DF37086800370F02F32CFD93
:204B000002A46D00CC063C01D4C23C01092F45786F0FFEFF82003C08534020F010F2DA00EB
:204B2000892F0059C210BF80F9FF09FF4978B70F04F289FF097882FF89FF007982083C2B5A
:204B400040F402846DFFD3F8534820F010D409404C08534820F010D4094FCA081421370F04
:204B600068F037F108F0342F0C21370F81F12C210C2396022C23534820F010D4094FCA0859
:204B80006E050C2196042C213C050C21B70F01F12C21C218DA103FF8D5FF82023C010090FB
:204BA000404CF4C5DA012CC46D003C0189C2060982003C0C534020F010CFDA00ACF5534087
:204BC00020F010CFDA002CFCC210DA103FF0F4FF0090404F0B4510A849FC100A82404B0A69
:204BE00001828F3A00F1538F20C09140002FD922000E7D2F08009140002FD922004E7D2F04
:204C000015806D00B005022F02F46D00010409F0201982110FA1101082F2C621261089F0A5
:204C2000201902F46D003B06534820F010CFDAFF0FCF00F00FCB10B002F302B249F24008A0
:204C40000090404F0B4510886D008D05022A02A46D00DE0349FF001ADA084BF801028F789D
:204C600000F1534F2040534020F010FFDA0F0F4F00F00F49109002F3029249F2400802A4AE
:204C80006D000D06009002486D000B018200DA003E823C06913000FF19F000263C03820231
:204CA0003C0176094B0061F17B0028044B0F51F04BF241203C010090910000F7D9FF182056
:204CC00054FF4B0F61213C010090913000FF39FF3706370F62F2EE06BB00C22B9BE2CB2401
:204CE0003C11913000FF39FF3706370F62F25E19910000F7D9FF182054FF4B0F61213C021C
:204D000082023C010090913000FFD9FF00066DFFDEFF09FF640816015E1A09FF6E08167F45
:204D2000C21F4B0F41F14BF251203C2409FF6408370FE1F15E1EBB00C20B9BE0CB0409FF16
:204D40006C08167FC21F4B0F41F14BF051203C1209FF6908370FE5F0C21F4B0F41F14BF2A5
:204D6000410009FF6C08167FC21F4B0F41F14BF051203C010090913000FFD9FF00066DFFF1
:204D8000A6FF09FF540816015E1A09FF5E08167FC21F4B0F41F14BF251203C2909FF540894
:204DA000370FE1F15E1EBB00C20B9BE0CB0409FF5C08167FC21F4B0F41F14BF051203C1720
:204DC00009FF5908370FE7F0C21F4B0F41F14BF2411009FF5C08167F921009FF5B08160F1F
:204DE000C21FE2F04B0041F14BF151203C010090913000FF39FF3306370F62F282003E047A
:204E000082103E083C0ABB00C22B9BE2CB243C013C066DFFB2FF3C0382023C013C010090F7
:204E20006DFFE8FF913000FF39FF3106370F6402DA003E0CDA01BE0CDA02BE0FDA035F0F87
:204E40002200DA045F0F24003C27913000FF39FF3206160FEE0382023C0A913000FF39FF55
:204E60003206160F4B0F41F14BF251203C177B001FF44BF251203C127B0027F44BF251207A
:204E80003C0D7B002FF44BF251203C087B0037F44BF251203C0382023C013C0100906DFFAC
:204EA000A9FF913000FF39FF3106370F6402DA003E0CDA01BE0CDA02BE0FDA035F0F220090
:204EC000DA045F0F24003C27913000FF39FF3106160FEE0382023C0A913000FF39FF3106C1
:204EE000160F4B0F41F14BF251203C177B001FF44BF251203C127B0027F44BF251203C0DE9
:204F00007B002FF44BF251203C087B0037F44BF251203C0382023C013C010090404F8208C7
:204F200091000027D922182009FF0019742F6D001A0402296D002B04022A02946D006802D7
:204F40009130002F392F3046370FE1B19130002F392F304696089130002FE92F304602942B
:204F60006D009D0402A46D007B023C019130002F392F3306370FE1F3EEFA9130002F392F6B
:204F80003306B70F02F29130002FE92F33069130002F392F330696409130002FE92F330635
:204FA0009130002F392F180696109130002FE92F18063C019130002F392F3306370FE1F3C7
:204FC000EEFA9130002F392F3706B71F02F29130002FE92F37069130002F392F37069640DA
:204FE0009130002FE92F37066D009B01A62802A46D007C04DF08698102A46D0031023C01AE
:205000009130002F392F1406370FE1F26EFA9130002F39201C0608AF37F007F09130002F6D
:20502000E92F1C069130002F39201B06088F37F004F09130002FE92F1B069130002F3920A8
:205040001906089F37F087F09130002FE92F19069130002F392F180696409130002FE92F71
:2050600018069130002F392F1A06B70F01F09130002FE92F1A069130002F392F180696208F
:205080009130002FE92F18069130002F392F1A0696019130002FE92F1A069130002F392F5B
:2050A0001A0696049130002FE92F1A06BB70714B9B1485436D0092013C019130002F392F1B
:2050C0001406370F61F16EFA9130002F392F1806B70F01F09130002FE92F18063C01913065
:2050E000002F392F3306370FE1F3EEFA9130002F392F3306B71F02F29130002FE92F330642
:205100003C019130002F392F3306370FE1F3EEFA48346D0063019130002F19203006485F6C
:2051200082F1C61F26F0485F4841261FA6F0DA0137F0020EDA0137F0010F9130002FD922E7
:20514000300674203C019130002F392F3706370FE1F3EEFA9130002F19203406487F82F114
:20516000C61F26F0487F4861261FA6F0DA0137F0020EDA0137F0010F9130002FD9223406A0
:2051800074203C019130002F392F0316370FE1F3EEFA9130002F19200016489F82F1C61F4D
:2051A00026F0489F4881261FA6F0DA0137F0010F9130002FD922001674203C019130002F7A
:2051C000392F0F16370FE1F3EEFA9130002F19200C1648BF82F1C61F26F048BF48A1261F4B
:2051E000A6F0DA0137F0010F9130002FD9220C1674209130002F1920002648DF82F1C61F98
:2052000026F048DF48C1261FA6F09130002FD9220026742002A46D0069039100802F1920D0
:20522000140248FF82F1C61F26F048FF82F1C61F26F048FF48E1261FA60F02946D00E80099
:205240009100802FD9221402742F02946D002703820C3C3702A46D0003013C019130002FE8
:20526000392F1406370FE1F26EFA9130002F39201C0653CC20F0C8121022142F37F007F024
:205280009130002FE92F1C0602A46D002F0353CC20F0C81210224C226E0953CC20F0C81276
:2052A0001022092288092D02000053CC20F0C8121022092402096D009100C21C370C68C017
:2052C00014FF3FFCC9FF02A46D00CA00913000FF39FF1806B70F01F3913000FFE9FF180645
:2052E00002A46D00030302946D009200913000FF39FF2C469608913000FFE9FF2C4691301D
:2053000000FF39FF304637BF81F1913000FFE9FF304602946D00C30202823C0100903B0006
:20532000288082096D001F02022A913000FF39F01006B7008202913000FFE9F010069130D6
:2053400000FF39F01206910000F7D9FF182054F13B005AF29B6F02F04BF111229AF2370F6C
:2053600068F037F005F0913000FFE9FF1206913000FF39FF10069604913000FFE9FF100693
:205380003C05C2F8F68382193C0D913000FF39FF10066F1FF87F913000FF39FF11066F0F15
:2053A000F27F02A46D003400913000FF39FF2C469608913000FFE9FF2C46913000FF39FF1B
:2053C00030469608913000FFE9FF304602A46D00660202923C01009002486DFF0BFD913040
:2053E00000FF39FF3506160F4B0F41F14BF251F03C014B8F41F04B0F71F185F110003C0145
:2054000085F01000A2103FF0FDFF00904DC0E1FF16073C0153CF20F060FF9130003F30F39F
:20542000D93F004654FF2E1B8F2420F0960154F0370070088F002100A60F74FF86248F24F0
:2054400040F154F0370070088F002100A60F74FF3C0154FF1601DF1FFE7F0090913000FFDE
:2054600019FF30366F1F12008F2420F09601913000FF19F03036370070088F002100A60F71
:20548000913000FF59FF303686248F2440F1913000FF19F03036370070088F002100A60FBD
:2054A000913000FF59FF30363C01913000FF19FF30361601DF1FFB7F00904DC0E1FF1607CA
:2054C0003C01913000FFD9FF004653CF20F010FF54FF2E1B8F2420F0960154F03700700887
:2054E0008F002100A60F74FF8F2420F0960254F0370070088F002100A60F74FF3C0154FF1E
:205500001601DF1FFE7F084F96082CF454FF2E1B8F2420F0960154F0370070088F0021004B
:20552000A60F74FF86248F3440F154F0370070088F002100A60F74FF3C0154FF6F0FFF7F4E
:205540000090913000FF19FF30366F1F12008F2420F09601913000FF19F0303637007008A5
:205560008F002100A60F913000FF59FF30368F2420F09602913000FF19F03036370070080F
:205580008F002100A60F913000FF59FF30363C01913000FF19FF30361601DF1FFB7F91305D
:2055A00000FF39FF34369608913000FFE9FF3436913000FF19FF30366F1F12008F2420F0F9
:2055C0009601913000FF19F03036370070088F002100A60F913000FF59FF303686248F3406
:2055E00040F1913000FF19F03036370070088F002100A60F913000FF59FF30363C019130BB
:2056000000FF19FF30366F0FFC7F00904DC0E1FF16073C01913000FFD9FF004653CF20F02D
:2056200010FF54FF2E1B8F2420F0960154F0370070088F002100A60F74FF8F2420F096023F
:2056400054F0370070088F002100A60F74FF3C0154FF1601DF1FFE7F084FB70F81F12CF4AE
:2056600054FF2E1B8F2420F0960154F0370070088F002100A60F74FF86248F3440F154F087
:20568000370070088F002100A60F74FF3C0154FF6F0FFF7F0090913000FF19FF30366F1F9B
:2056A00012008F2420F09601913000FF19F03036370070088F002100A60F913000FF59FF23
:2056C00030368F2420F09602913000FF19F03036370070088F002100A60F913000FF59FFAE
:2056E00030363C01913000FF19FF30361601DF1FFB7F913000FF39FF3436B70F81F19130DF
:2057000000FFE9FF3436913000FF19FF30366F1F12008F2420F09601913000FF19F03036D1
:20572000370070088F002100A60F913000FF59FF303686248F3440F1913000FF19F030360A
:20574000370070088F002100A60F913000FF59FF30363C01913000FF19FF30366F0FFC7F43
:2057600000904DC0E1FF16073C0153CF20F060FF9130003F30F3D93F004654FF370F6EF148
:205780008FFF83213C013C010090913000FFD9FF303654FF370F6EF18FFF83213C013C012B
:2057A0000090DA3CB44FBBC0FFFFAC41DA002C44DA002C45DA002C46DA002C47DA002C485E
:2057C000DA002C49DA002C4A0090544F82022E1B9601B70F810037006E118FF1831137103B
:2057E0000EF1744FB70F01F096020950C008370F0E010951C2083710100874403C01544F0B
:205800001601DF1FFE7F0C5482003E0682103E0B8220BE003C16DA0037F20121DA0037F21B
:2058200081223C0FDA0137F20121DA0037F281223C08DA0037F20121DA0137F281223C0161
:205840000C556E03DA013C02DA0037F281210C566E03DA013C02DA0037F201230C576E03D1
:20586000DA013C02DA0037F281230C586E03DA013C02DA0037F201240C596E03DA013C0263
:20588000DA0037F28724894204090954C0086D00060000906D00030000904DC0E1FF160750
:2058A0003C0153CF20F060FF9130003F30F3D93F004654FF2E1B8F2420F0960154F0370028
:2058C00070088F002100A60F74FF86248F3440F154F0370070088F002100A60F74FF3C01D2
:2058E00054FF6F0FFF7F0090913000FF19FF30366F1F12008F2420F09601913000FF19F0C8
:205900003036370070088F002100A60F913000FF59FF303686248F3440F1913000FF19F028
:205920003036370070088F002100A60F913000FF59FF30363C01913000FF19FF30366F0F76
:20594000FC7F0090F647094F40189601894F00183C08DF140780094F40189604894F0018D0
:205960000090F647094F7C089601894F3C083C08DF140780094F7C089610894F3C080090DF
:2059800082F282003C17913000F8D9FF98BB538020F010FFD4FF7D4F0D80913000F8D9FF2B
:2059A00098BB538020F010FF481F370F48203C04C210BF10EAFF3C010090404C405F09C002
:2059C000380909C13C0914FFEE0C083F37F00500082F37F00504081F37F1011182183C0F4A
:2059E00014FF5E1C083F37F00508082F37F0050C081F37F1011382183C02820889C13C09DC
:205A000089C0380940C46DFFBDFF09FFC8086E26081FEE099140002FD9225028530226F068
:205A200010223C099140002FD9225028530226F01022B04208A009FFC8081421370F68F09A
:205A400037F108F0342F0C21370F81F12C210C2396022C230C2196042C2108264CC48201A6
:205A600002F009C32C0982020F20A0400F31A0503C016DFFEDD23C0114FF534F20F010C234
:205A80008922300914F440C46DFF5EFF14F440C46DFF69FF08264CC4820102F009C32C09B9
:205AA00082020F20A0400F31A0503C016DFFD0D23C0114FF534F20F010C2481F42F28922BE
:205AC000300902823C010090DA00344FDA002C42DA1F2C43DA002C4182FF6C41DA00AC44F0
:205AE000DA002C4A0090208049A4000A91000057D9551C616DFF79F63B90D0F3065F780254
:205B0000DA012CA4913000F8D9FF9CABF80ADA1089AF2C08913000F8D9FF84BBF80CDA807C
:205B200089AF3408910000F7D9FF1C6149F4100A49A5000A6DFF4DF549A4041A910000F784
:205B4000D9FF1C6149F5100A6DFF27F4DA0178123BB02BF089AF2619BBF0FFFF9BFFFFF7F6
:205B600089AF2219DA0089AF2018DA0889AF111809AF5218B70F01F089AF121809AF5218C8
:205B8000960289AF121809AF5C18B70F01F089AF1C18DA0189AF2C18DA0389AF2D1891007A
:205BA00000F7D9FF1C61D9F43C0149A5041A6DFFBCF049A4041A910000F7D9FF1C6149F545
:205BC000100A6DFFEAF3DA0078123BA03AF089AF2619BBF0FFFF9BFFFFF789AF2219DA01FB
:205BE00089AF2018DA0889AF111809AF5218B70F01F089AF121809AF5218960289AF12189B
:205C000009AF5C18B70F01F089AF1C18910000F7D9FF1C61D9F40C1149A5041A6DFF85F081
:205C20009140004FD944400B8244DA803B000850A6F56DFFD0F782046DFF01DA009020805E
:205C400049A4000A91000057D9551C616DFFCDF53B90D0F3065F7802DA002CA4913000F8BC
:205C6000D9FF88ABF80ADA1089AF2C08913000F8D9FFB0ABF80CDA8089AF3408910000472B
:205C8000D9441C61B04449A5000A6DFFA2F449A4041A91000057D9551C61B0456DFF7DF30D
:205CA00082083C4353C820F0910000F7D9FF300010FF09FFC008781253C820F0910000F704
:205CC000D9FF300010FF09FFC20889AF2619BBF0FFFF9BFFFFF789AF2219DA0189AF20186D
:205CE000DA0889AF111809AF5218B70F01F089AF121809AF5218960289AF121809AF5C18DE
:205D0000B70F01F089AF1C18530821F0910000F7D9FF1C6110FF49F43C0A49A5041A6DFF0D
:205D200004F0C21837086880913000F8D9FF2A5C09FFC0083FF8B8FF49A4041A91000057A6
:205D4000D9551C61B0456DFF28F382083C4953C820F0910000F7D9FF0C0010FF09FFC00897
:205D6000781253C820F0910000F7D9FF0C0010FF09FFC20889AF2619BBF0FFFF9BFFFFF771
:205D800089AF2219DA0089AF2018DA0889AF111809AF5218B70F01F089AF121809AF5218A6
:205DA000960289AF121809AF5C18B70F01F089AF1C18DA0189AF2C18DA0189AF2D18530890
:205DC00021F0910000F7D9FF1C6110FFD9F4BC0049A5041A6DFFA9EFC2183708688091306B
:205DE00000F8D9FF285C09FFC0083FF8B2FF9140004FD944008A8234DA803B000850A6F592
:205E00006DFFE9F69140004FD944008A8224DA803B000850A6F56DFFDEF69140004FD944C5
:205E2000008A82443B0001506DFFD5F682046DFF22D90090205049A4000A9120005FD9552D
:205E400000086DFFAFF6DA28ACA7DA0089AF1008DA29ACA9DA0089AF1408DA2AACABDA00EF
:205E600089AF1808DA2BACADDA0089AF1C0891000047D9441C6149A5000A6DFF70F56DFF8F
:205E800034FE6DFFDEFE91000047D944B0706D00EA0791000047D944A8806D00E407009010
:205EA00091000047D9441C206DFF3AF8910000F7D9FF38736DFF61F74B0271F16CF34DC029
:205EC000E1FF8F7F00413C01910000F7D9FF38736DFFDBF64B0271F16CF4910000F7D9FF9F
:205EE00038736DFF9FF74B0271F16CF16DFF82F7913000FF39FF3506370F64F24B0F41F1A9
:205F00004BF251F03C01910000F7D9FF38734B0F71F16CF2910000F7D9FF38736DFFC1F772
:205F20004B0271F16CF66DFF65F7913000FF39FF3506160F4B0F41F14BF251F03C01910058
:205F400000F7D9FF38734B0F71F16CF700904DC0E2FF370FE1F78B0F20823C010D00400343
:205F600000003C016DFF3ED6910000F7D9FF18839100002FF4F291000047D9441883B0443F
:205F80006DFFA4FD910000F7D9FF188391000027D9229860092068096820910000F7D9FFCC
:205FA0001883DA64ACF6910000F7D9FF1883DA002CFE910000F7D9FF1883D4F491000057BC
:205FC000D9551883B0456DFFFAFC76830D0000030090C5F4C0826DFF67EA0090404C0B45E4
:205FE0001068821809C44009913000F8D9FFA84B09F040090B0410F10B1580F2EE03DA0046
:206000003C294DC0E2FF370FE1F78B0F20F23C010D00400300003C013C0185F01000820352
:20602000020285F12C008200A620A6313C01913000F8D9FFA84B09F24009262026316E0388
:206040000D0000033C010B4050F10B5100F20B1590F23C016E4A82050264538720F091001A
:2060600000F7D9FF986010FF09F640096DFFCACF913000F8D9FFA84B09F040090B0210F129
:206080000B1380F2EE08913000F8D9FFA84B09F040093C274DC0E2FF370FE1F78B0F20F299
:2060A0003C010D00400300003C013C0185F010008205020485F12C008200A640A6513C0189
:2060C000913000F8D9FFA84B09F44009264026516E030D0000033C010B2040000B31501054
:2060E0003C0189C04009820802823C0100906DFF79D5910000F7D9FF986009F46809FBA0DB
:2061000000606DFF7FCF913000F8D9FFA84B09F040090B0210F10B1380F2EE08913000F852
:20612000D9FFA84B09F040093C274DC0E2FF370FE1F78B0F20F23C010D00400300003C016D
:206140003C0185F010008205020485F12C008200A640A6513C01913000F8D9FFA84B09F431
:206160004009264026516E030D0000033C010B2040000B3150103C01910000F7D9FF2883EC
:2061800089F04009910000F7D9FF986009F46809FB4006606DFF36CF913000F8D9FFA84BE1
:2061A00009F040090B0210F10B1380F2EE08913000F8D9FFA84B09F040093C274DC0E2FFF2
:2061C000370FE1F78B0F20F23C010D00400300003C013C0185F010008205020485F12C003A
:2061E0008200A640A6513C01913000F8D9FFA84B09F44009264026516E030D0000033C019E
:206200000B2040000B3150103C01910000F7D9FF308389F040090090B70408FC3704E80BE8
:20622000B71F811BDA7F3FF00580DA967F0F0480820200908B6009F1325F0FF1001037018B
:206240007020009091300048D944A4EC1D0002008208404F8209820A820BC81CC82D483C2F
:2062600009FF1001DF1F238080CF160180D08F100001FE046E04C2FC04DF24CF76CF8F3CF6
:2062800000018FEC1FF06E0902F140D2C2F16014442164C1FC4E90DD020CDF0CE07FC2FC79
:2062A00060C204DF24CFFC2E3CD9DE2580CF2E03C2FC24C9DF0CD37F8F3C00F106EC76C553
:2062C000C2FC60C264CAFC2F6EC9C2FF60F224CBFC2F3CC48F0F1F00DF002E008F3F000188
:2062E000DF102B8080CF8F3F00D180DF1603FEDB76DB02D440C440D56D00530001CD00C631
:2063000001DD00D6A2DC76CF8F3C00018FEC1FF06E0902F140D2C2F16014442164C1FC4E39
:2063200090DD020CDF0C9B7F02C440C440D56D0038003C9400901603DF2F91FF80CF1603DA
:206340006E0702F440C46D00150010CCA2FCDF0C867F8F3C004106EC76C5C2FC60C264C89D
:20636000FC2FDF047C7F40C46D0004001DFF77FF3BF00F00804F1603063F0FF0100082FF16
:20638000C6F0C2F4604F804FB70F02F060F2B014542F260F742F77000004FCF60090804F1E
:2063A00016033BF00F008F3F00100F10100082F1C610C2F4604F8041B701022009510100D9
:2063C0008F3F0030B0140F3110106022C21F542216032602A612742277000004FDF0ED7F5F
:2063E0000090910000F7D9FF084034F4DA013E4FDA025F4F3300DA035F4F4B00DA045F4FB6
:20640000CB00DA055F4FE9001D000601910000F7D9FF3430DA0034FF910000F7D9FF38307E
:20642000DA00B4FF910000F7D9FF1040DA00B4FF910000F7D9FF0C40DA00B4FF910000F7D1
:20644000D9FF0440DA00B4FF910000F7D9FF3030DA0034FF1D00E100910000F7D9FF343004
:20646000DA0134FF910000F7D9FF10403B00FAF0B4FF910000F7D9FF3830DA00B4FF9100A0
:2064800000F7D9FF3030DA0034FF1D00C600910000F7D9FF3430DA0334FF910000F7D9FFA9
:2064A00004403B0064F0B4FF910000F7D9FF0C403B007DF0B4FF910000F7D9FF3C3014FF70
:2064C0005E1D910000F7D9FF388391000027D92238830C2196102CF13C0C910000F7D9FF20
:2064E000388391000027D92238830C2116EF2CF1910000F7D9FF004014FFDE13910000F7F8
:20650000D9FF388391000027D92238830C2196012CF1910000F7D9FF0040DA0034FF3C0CA4
:20652000910000F7D9FF388391000027D92238830C2116FE2CF1910000F7D9FF2C3014FFA5
:20654000DE14910000F7D9FF3830DA1EB4FF910000F7D9FF3030DA0534FF910000F7D9FFA4
:206560002C30DA0034FF3C09910000F7D9FF3830DA14B4FF6D00FE01910000F7D9FF1440E4
:2065800054FF6E08910000F7D9FF1440D4FF2D0F00003C42910000F7D9FF3430DA0334FF1D
:2065A000910000F7D9FF0C403B007DF0B4FF910000F7D9FF3830DA14B4FF910000F7D9FF0B
:2065C000388391000027D92238830C2116FE2CF16D00D0013C21910000F7D9FF3430DA03F8
:2065E00034FF910000F7D9FF0C403B007DF0B4FF910000F7D9FF3830DA00B4FF910000F784
:20660000D9FF388391000027D92238830C2116FE2CF13C023C010090BC427C5382123C0F64
:20662000910000F7D9FF084014FF344F910000F7D9FF343014FF345F82023C0100909100D0
:206640000047D944388382043B8000506D007303910000F7D9FF3883DA0134FF910000F7F6
:20666000D9FF3883DA002CF1910000F7D9FF0840DA0134FF910000F7D9FF3430DA0034FF09
:20668000910000F7D9FF3C30DA0034FF910000F7D9FF0040DA0034FF910000F7D9FF2C30B8
:2066A000DA0134FF910000F7D9FF0C40DA00B4FF910000F7D9FF0440DA00B4FF910000F7DA
:2066C000D9FF1040DA00B4FF910000F7D9FF3830DA00B4FF910000F7D9FF3030DA0034FFE3
:2066E0000090910000F7D9FF3C3014F23C010090910000F7D9FF084014FFEE031D00910011
:20670000910000F7D9FF084014F0DA015F0F8700DA025F0F6C00DA033E08DA045F0F420096
:20672000DA055F0F59003C7B910000F7D9FF383009FFC008EE216D001D01910000F7D9FF6A
:20674000303014FF6E13910000F7D9FF303091000027D9223030142FC2FF34FF910000F7B3
:20676000D9FF3830DA0AB4FF3C07910000F7D9FF3830DA14B4FF910000F7D9FF044009FFEA
:20678000C008EE0E910000F7D9FF3C3014FF5E1582446DFF28FE3C0482546DFF24FE3C406B
:2067A000910000F7D9FF383009FFC008EE09910000F7D9FF3830DA14B4FF6D00DB00910008
:2067C00000F7D9FF0C4009FFC008EE0482246DFF0AFE3C26910000F7D9FF0C4009FFC008E4
:2067E000EE0482246DFFFFFD3C1B910000F7D9FF104009FFC008EE1182146DFFF4FD91003F
:2068000000F7D9FF184054FF6E08910000F7D9FF1840D4FF2D0F00003C033C023C01009077
:20682000910000F7D9FF3C30DA0134FF910000F7D9FF084014FF1E17910000F7D9FF0840E6
:2068400014FF5E2582346DFFCEFD3C0A910000F7D9FF084014FF5E5482446DFFC4FD00907F
:206860007C423C323B0050F03E423C2E14400C41DF1003803C292E07910000F7D9FF00403A
:20688000DA0134FF910000F7D9FF084014FF82103E0A82203E0C82303E0E82403E0C82508D
:2068A0003E0A3C1182346DFF9EFD3C0E82346DFF9AFD3C0A910000F7D9FF0C403B007DF0E9
:2068C000B4FF3C023C010090910000F7D9FF084014FFEE023C4D910000F7D9FF0C4009FF12
:2068E000C0086E0D910000F7D9FF0C4091000027D9220C40092FC008C2FFB4FF910000F7AE
:20690000D9FF044009FFC0086E0D910000F7D9FF044091000027D9220440092FC008C2FFB4
:20692000B4FF910000F7D9FF104009FFC0086E0D910000F7D9FF104091000027D9221040F6
:20694000092FC008C2FFB4FF910000F7D9FF383009FFC0086E0D910000F7D9FF3830910057
:206960000027D9223830092FC008C2FFB4FF00902010910000F7D9FF388314F0910000F7B2
:20698000D9FF3883081F8F8F00F0A6F0910000F7D9FF3883082F8F0F01F0A6F0910000F79A
:2069A000D9FF3883083F8F8F01F0A6F0910000F7D9FF38830841910000F7D9FF3883085F72
:2069C0008F8F00F0A6F1910000F7D9FF3883086F8F0F01F0A6F1910000F7D9FF3883087FB8
:2069E0008F8F01F0A6F149AF000A3B005020DA0874F289A0060989A10A092CA4DA002CAE03
:206A00003C01910000F7D9FF1C6149F43C0A49A5000A6DFF9DEDDA205F2FF57F00904DC052
:206A2000E2FFB70F8107CDC0E20F0D00C00485F2100085F32C00CDCFE20F0D00C0040090BF
:206A40006DFFD0D00090910000F7D9FF986009F06809820702460B0110486DFFD3CA0B236C
:206A600010486DFF54D100906D000C00F6293B0000429B04F04A6DFF4DDF6D0026000090F4
:206A80009100F0FAD9FF307254FF3B1042049B9044040B0F00213C0100903B0000F29B0FCB
:206AA000F0FA42F4604502546D0099010090DAC97FF40380024F3B00104002F56DFFEFFF5E
:206AC00002F23C01009020C0913000F8D9FF84CB49FF000A49A2080AC504290044FF642F1E
:206AE000FC4E82093C5053C920F010AF09F8C8083B0000F29B0FF0FA42F8913000F8D9FFED
:206B00002C5C49FF000A49A2302AA0F404FF242FFC4E49A4302A53C920F010AFC83553C9D7
:206B200020F010AF09F4D0086D00590109AF702809A071288F800000A60F09A072288F00C2
:206B40000100A60F09A073288F800100A60F74AF09AF742809A075288F800000A60F09A04C
:206B600076288F000100A60F09A077288F800100A60F780149A4000A3B80005002846DFFB8
:206B8000CCDFC219BFE9B1FF3B001F429B04F04A3B1042F49B9F44F474AFDA00780149A44C
:206BA000000A3B8000506DFFB8DF82123C010090913000F8D9FFACEB54FF744F913000F865
:206BC000D9FFACEB481F745F82123C0100902008DA0074AFDA00780149A4000A49A5040A40
:206BE0006DFFE8FFDF120A8054AF60F48204580154A052056D0078220090910000F7D9FF4F
:206C00002493DA0034FF910000F7D9FF2493081F5E196DFFDEFF910000F7D9FF2493DA00C1
:206C20002CF182046D0029008204A0043BF00F50A0056D002900910000F7D9FF2493910084
:206C40000027D922009389F2B039910000F7D9FF249349F4343A82043B4001506D00442234
:206C600091000047D94400933BF00F403B4002506D003A220090910000F7D9FF249389F458
:206C800024380090910000F7D9FF249389F42538910000F7D9FF24932835910000F7D9FF43
:206CA000249389F5AC39910000F7D9FF249389F4A83900903C09144F1450C2F43E0352025E
:206CC0000090B014B015DF04F8FF82020090DF043000404FBF842780804F8F3F00018051B2
:206CE0008F3100115F101F802E06C2F4045F344F494F010A80FF2E16045F24FFC2E4045FF0
:206D000024FF8F7400018FD41FF06E0B02F14052C2F160160922480189F24801FC6CD055EE
:206D200002047646C2F46042045F24FFFC2E40420090404FBF852380804F2E05C2F53444D0
:206D4000494F010A80FF2E1424F4C2E524F48F7500F106D5DF051200D200764A37046800FD
:206D60008F802010A6108F002110A6100201C2F5605289F04801FC2E02F57655C2F5605225
:206D800024F4FC2F404200903BD0E604910000F79B601C0419FF1C403B900313030F0AF1A4
:206DA00059FF1C40370F6F280090910000F759F41C400090404F6DFF34FE0B2310489100AD
:206DC0000027192F28301EF661FFE7C96DFF66C9422FBCF274FF02F20090014530F4EE06B9
:206DE000015400F6014F30F4EE0B3C06095F0008344FB015B014024FC2F4EEF93C0D3C0AA0
:206E0000014400F601540026092F3FF889FF3FF8C2F4FF14F77F00903C033444B014025FE3
:206E2000C2F5EEFC0090404F405C481FC21F82404B0F010254FF7E1440F46D001400481F8E
:206E400053CF20F010F24924080A3BC0004040C56DFFC5FF481FC21F82404B0F010268112F
:206E60000090DA006C41DA00744F0090404F481F54F07E0382023C1554FF53CF20F010F2B7
:206E80004922080A3BC00040405440256DFFA7FF54FFC21F82404B0F010274F182123C01A6
:206EA000009002523C010090DA003C1A104F14F0861037006800104F14F1913000F8D9FF64
:206EC000208C10FF14F2C621913000F8D9FF208C10FF14F2C620105F420134F1C21FBF4F0C
:206EE000E7FF00902008DA003C0D10AF1042142091300028D922248C10221421C61034F097
:206F0000C21FBF4FF4FF0CA28FFF00010CA216F0A6F0345014AF160F8F4F20000CA116F0EB
:206F200086CFA6F0895001080CA18F0F0F010CA316F086CFA6F08950020814AF160F8F4FE0
:206F400020000CA3160FA6F08950030800900249404F6D00B81402284DC0E1FF8F7F0041BA
:206F60003C016DFF92EE4B0271F1C6F89130002F192F1016C6F891000027D9222CD3542F2A
:206F80008F8F00F0C6F8DA003C1210F2538F20005708680034203BD0E6049B601C043B9003
:206FA000031303080A8182F02608C21F3F9FEFFF82123C010090DA502C4489440508913042
:206FC00000F8D9FFC85B09FFC608868F2C46913000F8D9FFC85B09FFC6082C47913000F8AB
:206FE000D9FFC85B09F0C808DA0A4BF011028F801FF02C48913000F8D9FFC85B09F0C8088C
:20700000DA0A4BF0110289400908DA06AC41009082186DFF02CBDF120480DA0B3C02DA0AB8
:207020008F882020A6F23C010090405F09FFC208FF4F098014443B30015040F46D00A708E8
:207040003C1E085F3BF00F007E09086F3BF00F007E05087F3BF00F003E0814443B1003507D
:2070600040F46D0094083C0BBBF0FF4F9BF40F406D00510BDA542CF4DA01ACF100900C5535
:2070800009504608DF30090014443B10035040546D007D083C3D14408B0004008950040874
:2070A0002C5582208950820882003E0882103E0D8220BE028230BE073C1D910000F7D9FF13
:2070C0003040DA0034FF3C1D910000F7D9FF3040DA0134FF3C16910000F7D9FF3040DA02FE
:2070E00034FF3C0F910000F7D9FF3040DA0334FF3C0814443B20015040546D0048083C015C
:20710000910000F7D9FF304014F46DFFC6CE0090144F8B0F04F02C540C550950C208FF20F3
:20712000098014443B30015040546D0030083C1F5E1CDA012C55DA02AC51910000F7D9FF0F
:2071400038A0DA0134FF3C135E2CDA022C55DA02AC51910000F7D9FF38A0DA0234FF3C07B0
:2071600014443B20025040546D0011080090404C405F0858DA01BE80DA025F8F2200DA03F3
:207180005F8F4500DA81BE83DA825F8F3A00DA835F8F45003C4940F402846DFF0EFF8214BE
:2071A0006D00EF0782146D00FB073C4582146D00E80782146D00F407DA00ACF13C3C823451
:2071C0006D00DA00DF12090014C43B30035040F46D00DD073C3040F402846DFFEEFE82242F
:2071E0006D00CF07BB504AFA91300027F92FFCFD91200028D92216A789F2B0493C1C8224F1
:207200006D00BF07DA00ACF13C1640F402846DFFD4FE82446D00B5073C0E82446D00B10756
:20722000DA00ACF13C0814C43B20015040F46D00AE073C010090F6436D0096120090F646D2
:207240006DFFE4C902246DFFF5C900900C5514408B000400895004082C5582003E06821033
:207260003E0582303E0A3C103C16912000F8D9FF3687895FB0493C0F912000F8D9FF16A78B
:20728000895FB0493C0814443B20015040546D007E073C010090F6436DFF1AC900908F8447
:2072A0002080A658DA1B3FF805003BE00F203C1EFF8805803BC00F203C1902846D00C3001A
:2072C000F6243BD00F203C12538820F0913000F8D9FFB06B10FF54F46DFFC8DB370268F07E
:2072E0006E0382023C0382123C010090DA0C344F91300028D922E83B3C010090910000F734
:20730000D9FF287009F2C8083C010090910000F7D9FF287009F2CA083C010090910000F74B
:20732000D9FF287009F2C4083C010090910000F7D9FF287009F2C6083C010090910000F733
:20734000D9FF287014FF5E1382123C0282023C010090910000F7D9FF2870081F26F491004C
:2073600000F7D9FF2870081F7E4382123C0282023C010090910000F7D9FF2870082F264FF7
:207380007E4382123C0282023C010090910000F7D9FF287014FF26F4910000F7D9FF2870EC
:2073A00014FF7E4382123C0282023C010090910000F7D9FF287009FFC808EE0382123C0342
:2073C00082023C010090910000F7D9FF287009FFCA08EE0382123C0382023C01009020084D
:2073E000404C913000F8D9FF288C49FF000A49A2000AA03404FF242FFC4EDF14098049AF8D
:20740000000A405440F56DFF51FD3C0CDF24098049AF000A405440F56DFF66FD3C038202AE
:207420003C10DA003C0A10CF14F010AF14F15F10040082023C06C21FBF4FF7FF82123C014A
:20744000009002486DFFE9C8DF120B808202DA173FF80680DA1A3F8F038082123C098202E5
:20746000BF880680DA163F8F038082123C01009020C8404C405F09FFC208FF2F0A8014C428
:207480003B30015040F46D0082061D007601085F8210BE0082205F0F2F0082405F0F7800D5
:2074A00082605F0FCE003BA000005F0F21011D005D0109FFC208FF3F0A8014C43B3001509A
:2074C00040F46D0064061D00580108646D002C0DDA592CF4DA012CF5DA7F2CF6DA012CF751
:2074E0008F823FF02CF88FF20FF12CF9DA06ACF11D00430109FFC208FF3F0A8014C43B30C7
:20750000015040F46D0043061D003701086449A4000A6D00B30CDA592CF4DA022CF5DA7FA3
:207520002CF6DA0382013C2D10F25341200001A00046144089200408C21F370F680001F03A
:207540000026534120F010A40C412C24C2103700680001F00026534120F010A40C422C2492
:20756000C2103700680001F00026534120F010A40C432C24C210370068F0C21137017010A0
:207580007F2103803CD2ACF11D00F70009FFC208FF6F0A8014C43B30015040F46D00F7050E
:2075A0001D00EB00086F8F0F0100087F8F8F00F0A6F0088F0FF0A0800895DA0089AF0038E5
:2075C00049A4001A49A5003A02846D00300DF62914C43B40025040F46D00D9051D00CD001F
:2075E000DA592CF4DA042CF5DA7F2CF67BF00FF0268F8F0F1FF02CF7BB00F0FF268F068FDB
:207600002CF88FF80FF12CF9DA0682003C0E10F201A000460941401889210408C21F370F86
:2076200068F0C2103700700009A140387F1006803BC012103F1FED7FACF11D009E0009FFFB
:20764000C208FF6F0A8014C43B30015040F46D009E051D009200086F8F0F0100087F8F8F26
:2076600000F0A6F0088F0FF0A0800895DA0089AF101849A4001A49A5101A02846D00740C65
:20768000F62814C43B40025040F46D0080053C74DA592CF4DA062CF5DA7F2CF67BF00FF018
:2076A000268F8F0F1FF02CF7BB00F0FF268F068F2CF88FF80FF12CF9DA0682003C0E10F2D3
:2076C00001A000460941401889210408C21F370F68F0C2103700700009A150187F1006804C
:2076E0003BC012103F1FED7FACF13C4649A4000A6D00A00DDA592CF4DA0A2CF5DA7F2CF6A0
:20770000DA0382013C2D10F25341200001A00046144089200408C21F370F680001F0002654
:20772000534120F010A40C412C24C2103700680001F00026534120F010A40C422C24C21004
:207740003700680001F00026534120F010A40C432C24C210370068F0C211370170107F21F0
:2077600003803CD2ACF13C0814C43B20015040F46D000D053C010090404C405F8208820953
:2077800009FFC208FF2F098014C43B30015040F46D00FD043C5D085F8FFF0021085F16F00E
:2077A0008FCF3F307626FF5205807633BF53098014C43B10035040F46D00E9043C4909F0C4
:2077C000C2089A2212317F10098014C43B30015040F46D00DC043C3C82003C0A8F880080DC
:2077E00001F000260C26A6F8C210370068003F20F7FF82003C0C8F8900909A20122101F18B
:2078000000260C24A6F9C210370068003F30F5FF0B8910486DFF2AD6762814C43B10035033
:2078200040F46D00B4043C1414CF8B0F04F02CF4608282003C079A1010F4142F2C44B01244
:20784000C2103F90FAFF370970F0C21FACF100902008405F8200144F8B0F04F02CF4085F1F
:207860008F8F2010086F0FF1A03009F1C208FF310A8014443B30015040F46D0088041D0097
:207880008C00BBB015FF7E3EDAF12CF5DA5B2CF649F4070A3B9012406DFF0BF99A32ACF19A
:2078A0003C7BBB00521F5F131880DAF52CF5DA202CF649A4000A49A5010A6DFFAFF614AF0B
:2078C0002CF70CA12CF86DFF0EF72892DA002CFADA07ACF13C6182023C4F53C220F09100A9
:2078E0000027D922344010220921C0085F31418053C220F091000027D922344010220920D6
:207900004A0853C220F091000027D922344010220C2B7F0F0B8053C220F091000027D9226F
:207920003440102209204B08BB00F01F2631868128518FF30FF12CF6DA003C1510F253C29E
:20794000201091000047D9443440014100460941060960F401410046144189210708C21FE2
:20796000370F68F03F0FECFF9A30ACF13C15C21037006800C212BFF2B2FF760814443B10B0
:20798000035040F46D0003043C0714443B20025040F46D00FC030090910000F7D9FF28707C
:2079A00091300028D922C85B092FC60891300028D922C85B14204B0F0102A8400090910019
:2079C00000F7D9FF287091300028D922C85B092FC40891300028D922C85B14204B0F01029D
:2079E000A8200090404D405F085F09F0C208FF200A8014D43B30015040F46D00C8031D0003
:207A0000550282103E0982205F0FBC0182305F0F0D021D0044026DFFB5D6F62914D43B207E
:207A2000025040F46D00B3031D00400209FFC208FF4F0A8014D43B30015040F46D00A703A5
:207A40001D003402086F8F8F2000087FA6F03B3020F05F0FC500BBF0FFFD5F0F2801BB005A
:207A6000F0FF5F0F4700BB10F0FF5F0FF200BBD0FFFF3E031D007D0182346DFF7DFCDF1257
:207A80000A0014D43B30035040F46D0080031D00770109FFC208FF4F0A8014D43B3001502F
:207AA00040F46D0074031D006B01910000C7D9CC2C406DFFAFFAB4C2DA712CF4DA012CF5CA
:207AC000DAFF2CF6DAFD2CF791000027D9222C40092FC008868F2CF891000027D9222C403A
:207AE000092FC00816FF2CF9DA06ACF11D00480182746DFF41FCDF120A0014D43B30035029
:207B000040F46D0044031D003B0109FFC208FF6F0A8014D43B30015040F46D0038031D00BD
:207B20002F01910000C7D9CC2C40088408956DFFB8FBB4C291000027D9222C400920C008DE
:207B4000DAFE7E0914D43B10035040F46D001F031D00160191000027D9222C400920C00839
:207B6000DAFC7E0914D43B30035040F46D000F031D00060191000027D9222C400920C0081B
:207B8000DAFD7E0914D43B40025040F46D00FF021D00F60091000027D9222C40092FC008FE
:207BA000EE0914D43B20075040F46D00F0021D00E700DA712CF4DA012CF5088F8F8F200061
:207BC000089FA6F0288091000027D9222C40092FC0082CF9DA06ACF11D00D20009FFC2083E
:207BE000FF4F0A8014D43B30015040F46D00CF021D00C6006DFFB7ED02246DFF4DEE910046
:207C000000C7D9CC2C406DFF05FAB4C26DFFABED02246DFF41EEDA712CF4DA012CF5DA02A3
:207C20002CF6DA032CF791000027D9222C40092FC008868F2CF891000027D9222C40092F73
:207C4000C00816FF2CF9DA06ACF11D0099006DFFE4C4022F09F0C208FF400A8014D43B30CB
:207C6000015040F46D0093021D008A006DFF7BED02246DFF11EE02F46DFFF7C602286DFFBC
:207C800072ED02246DFF08EEDA712CF4DA012CF5DAFF2CF6DA012CF7DF180480DA013C0209
:207CA000DA002CF8DA05ACF13C6A82746DFF64FBDF12090014D43B30035040F46D00670239
:207CC0003C5E09FFC208FF8F098014D43B30015040F46D005C023C536DFF9FC40228088F5F
:207CE0008F8F0100089F8F0F0110A61008AF8F8F0010A61008BFA60FF6867B2000487BE088
:207D000000503C057B0001487B0001506DFF60C4BE2491000027D9222C40DA00B42FDA71A9
:207D20002CF4DA012CF5DADF2CF6DAFF2CF7DA002CF8DA05ACF13C237B10005002846DFFAA
:207D4000A6C502846DFF5EC691000027D9222C40DA01B42FDA712CF4DA012CF5DADF2CF683
:207D6000DAFF2CF7DA012CF8DA05ACF13C0814D43B20015040F46D000A023C011D00960017
:207D800091000027D9222840086F342F086FEE0914D43B20025040F46D00F9011D008600AD
:207DA00009FFC208FF3F098014D43B30015040F46D00ED013C7A0860DA90BE0FDAA03E02E8
:207DC0003C3382746DFFD8FADF12090014D43B30035040F46D00DB013C27DA712CF4DA0239
:207DE0002CF5DAA02CF6DA03ACF191200028D9223E8789F2B0493C18BB504AFA91300027B4
:207E0000F92FFCFD91300027D922FCFDDA712CF4DA022CF5DA902CF60C212CF70C222CF8CF
:207E2000DA05ACF13C013C4191000027D9222840142FEE0814D43B20025040F46D00A701DA
:207E40003C34DA712CF4DA032CF591000027D9222C40092FC0088F8F3EF016FF2CF6910016
:207E60000027D9222C40092FC0088F0F3FF016FF2CF791000027D9222C40092FC008868F3B
:207E800016FF2CF891000027D9222C40092FC00816FF2CF9DA06ACF13C0814D43B200150FB
:207EA00040F46D0074013C010090024F6D00FB177E28910000F7D9FF2870DA012CF13C112C
:207EC0006D00E9177E28910000F7D9FF2870DA022CF13C07910000F7D9FF2870DA002CF16C
:207EE0000090404C405F085F6DFF22FA762914C43B70035040F46D004A011D0012018210B5
:207F00003E0C82205F0F2B0082305F0F860082405F0FA3001D00FE0014CF8B0F04F02CF4B7
:207F2000824491000047D94420406DFF12F8DF120E8049F4060A91000057D95520408244A8
:207F40006D00B018DA06ACF13C0714C43B50035040F46D001C011D00E40049F4060A9100D9
:207F60000057D955204082146DFF3BFADF121A8014CF8B0F04F02CF4DA02ACF19100004778
:207F8000D9442040821482456D00AE18910000F7D9FF2440DA0034FF82346D0001013C3A68
:207FA00091000027D922244091000047D9442440144FC21F342F91000027D9222440142F50
:207FC00091300028D922348C14203F0F1E8091000027D92228703B0071F291300048D944CE
:207FE000C85B14404B0F11028920860891000027D9222440DA00342F14C43B60035040F418
:208000006D00C5003C0714C43B50035040F46D00BE001D00860014CF8B0F04F02CF48244DC
:2080200091000047D94420406DFF93F7DF120E8049F4060A91000057D955204082446D0080
:208040003118DA06ACF13C0714C43B50035040F46D009D003C6549F4060A91000057D9551F
:20806000204082246DFFBDF9DF121A8014CF8B0F04F02CF4DA02ACF191000047D9442040EE
:20808000821482456D003018910000F7D9FF2440DA0034FF82746D0083003C3A91000027E9
:2080A000D922244091000047D9442440144FC21F342F91000027D9222440142F913000281E
:2080C000D922348C14203F0F1E8091000027D92228703B0071F291300048D944C85B14403F
:2080E0004B0F11028920860891000027D9222440DA00342F14C43B60035040F46D004700DA
:208100003C0714C43B50035040F46D0040003C0814C43B20015040F46D0039003C01009016
:208120002018913000F8D9FF2C8C49FF000A49A2000AA07404FF242FFC4EDA00ACA4DA00BF
:20814000ACA53B80004049A4000A49A5080A49A60A0A6D008F16DF12138009AFC808ACA669
:2081600049A40E0A49A5000A3B8000406DFF37F649A40C0A6DFFFCC66D009213009091000A
:2081800000F7D9FF287034F40090DA7F2C448944050889450608DA03AC410090910000F75F
:2081A000D9FF287028240090910000F7D9FF287091000027D9222870092FC808A24FACF497
:2081C0000090910000F7D9FF287091000027D9222870092FCA08A24FACF50090910000F718
:2081E000D9FF287091000027D9222870092FC408A24FACF20090910000F7D9FF2870910018
:208200000027D9222870092FC608A24FACF30090095FC2081E2814443B30015040546DFFF2
:20822000B6FF3C1F0C5582003E053B0008003E0D3C1114408B000400895004082C55DA0208
:20824000AC516DFFBEFB3C0DDA00AC516DFFB9FB3C0814443B20015040546DFF98FF3C01A0
:20826000009049AA08BA8208913000F8D9FFB4EB49FF000A49A2000AC5040C1044FF642FFD
:20828000FC4E8209820089A0344849A4000A49A5020A49A6040A6D001616DF120D806DFF71
:2082A0004FF8DF1204006DFF8CFB09A4C0086DFFFEFD3C031D0092006DFF70FB49A4344A83
:2082C0006DFF16F8402C09AA44083C60538820F010CF14F05F0A58808219538820F010CFA9
:2082E00008246DFF38F8DF120B0009A444083B10015049A4000A6DFF4AFF3C4F538820F003
:2083000010CF08146DFF44F8DF120B0009A444083BF0075049A4000A6DFF39FF3C3E538853
:2083200020F010CF08346DFF27F8DF120B0009A444083B30035049A4000A6DFF28FF3C2DE1
:20834000A00FF84CA002538820F010CFC81F7DF21300910000F7D9FF347034FA538820F038
:2083600010CFC81F538820F010C449A5000A2D0F00003C0809A44408824549A4000A6DFFDD
:2083800006FF3C0BC2183708688009AF74487FF80580A00F7DCF9CFFDF190A0009A444088F
:2083A0003B10015049A4000A6DFFF1FE09AFC2086E0E6D008015B4A209A4C00809A4B0495E
:2083C00009A5C20849A5040A6D002816910000F7D9FF3470DA0034FF009049AA08BA6DFFBC
:2083E0009FF7762482146DFFFBFE6DFFA1F7762482146DFF02FF6DFF83F7762482146DFF2F
:20840000D5FE6DFF85F7762482146DFFDCFE6DFFD0F7DF1232806DFFD8F7DF022E806DFF1F
:20842000BDFA910000F7D9FF347014FF6E25913000F8D9FFB4EB49FF000A49A2000AC5049B
:208440000C1044FF642FFC4E6D003515B4A2910000F7D9FF347014F43B80075049A4000ABE
:208460006DFF95FE09A4C008A00409A5C20849A5040A6D00D3156DFF53F7DF0211806DFF87
:208480005FF7DF120D0082146DFF7BFE82146DFF87FE6DFFB4F382046DFFEFF30090404C83
:2084A000405D820014CF8B0F04F02CD40CD58F8F20800CD6A6F809DFC208FF4F0A8014C4AB
:2084C0003B30015040D46DFF62FE1D00FC0082091D00E90053C920F091000027D922344003
:2084E0001022092FC0085F8FDA8009D0C208C2D053C920F0910000F7D9FF344010FF08BFF7
:208500007F0F0A0014C43B30015040D46DFF3FFE1D00D90053C920F0910000F7D9FF34407C
:2085200010FF082FEE0914C43B20025040D46DFF2EFE1D00C80053C920F0910000F7D9FF5C
:20854000344010FF083FDF1F3B8053C920F0910000F7D9FF344010FF09F4060949D4070A4F
:2085600009DFC208C2DF370F68506D00AD00F62914C43B20075040D46DFF09FE1D00A300A0
:2085800053C920F0910000F7D9FF344010FF082F5E2A53C920F0910000F7D9FF344010FFFE
:2085A000DA002CF253C920F0910000F7D9FF344010FF09DFC208C2DF2CFA3C6553C920F06E
:2085C000910000F7D9FF344010FF083FDF2F3A8053C920F0910000F7D9FF344010FF09F49D
:2085E000060949D4070A09DFC208C2DF370F68506D006A00F62814C43B20075040D46DFFEE
:20860000C6FD3C6053C920F0910000F7D9FF344010FF082F5E2A53C920F0910000F7D9FFA1
:20862000344010FFDA002CF253C920F0910000F7D9FF344010FF09DFC208C2DF2CFA3C23D8
:2086400082003C1153C920F0910000F7D9FF344010FF09FF0609600F10F201D000F6087F66
:20866000342FC21009DFC208C2DF3FF0ED7F53C920F0910000F7D9FF344010FF09DFC20816
:20868000C2DF2CFABB00F0FF268F868F2CD58FF80FF12CD6DA03ACD13C15C21037006800F9
:2086A000C219BFF919FF760814C43B10035040D46DFF6DFD3C0714C43B20025040D46DFFE9
:2086C00066FD0090404F025840F402856DFFEBF3F629DA003C0510F282003420C21F3F8FF8
:2086E000FC7F3C010090910000F7D9FF000014FF5E2382223C0382023C010090910000F782
:20870000D9FF000014FF5E1382223C0382023C01009082003C45538021F0910000F7D9FF82
:20872000387010FF09FFC008EE023C39538021F0910000F7D9FF387010FF09FFC008264F0D
:208740006E2E538021F0910000F7D9FF387010FFDA502CF2538021F0910000F7D9FF38704E
:2087600010FFDA002CFE538021F0910000F7D9FF387010FFDA00ACF6538021F0910000F703
:20878000D9FF387010FFDA002CFA538021F0910000F7D9FF387010FFDA002CF9C210BF803F
:2087A000BCFF00902050404C82086DFF2FBF0229534820F010CFBB20440FB4F0534820F05C
:2087C00010CFDA00ACF1C218534820F010CFBB1050FFB4FF534820F010CF91000027D922D5
:2087E0000000142FACF1C218534820F010CFBBA050FFB4FF534820F010CF6D005D083B80C1
:208800003EF04BF21102A810C218534820F010CFBB0051FFB4FFDF190480DA0B3C02DA0A7D
:208820005348200001C000F6ACF1C218534820F010CFBB1051FFB4FF49A4000A6DFF77C05D
:20884000762409A0D8083C03BBF0FF0F534820F010CFA810C218534820F010CFBB8018FF05
:20886000B4FF534820F010CFDA01ACF1C218534820F010CFBB3019FFB4FF534820F010CF9F
:20888000DA01ACF1C218534820F010CFBB6044FFB4FF534820F010CFDA00ACF18B18002027
:2088A0003C010090404F082F96012CF2082F96022CF2082F96202CF2082FB70F01F32CF269
:2088C000082FB70F01F22CF2886F3BF007007F0F0500886FC22FACF6082FAE2C08EFC21F5B
:2088E0002CFE08EFBF3F0780082F96042CF2DA032CFE886F3BF007003F0F2800082F6F3F58
:20890000238009F0C608DA2009F1C40803F00AF1370F70406D00000209FFC608C21FACF384
:2089200009FFC608BF4F0480DA00ACF3082F96082CF2082F96802CF2088FC21F2CF808AFA5
:20894000C21F2CFADA002CF900900C42B70F01F02C420C42B70F01F32C420C42B70F01F291
:208960002C428C463B00F80F7FF005008C46C2FFAC460C426F3F19000C493B8002007F0FC7
:2089800014800C49C21F2C490C493B8002003F0F0C800C42B70F81F12C420C42B70F81F330
:2089A0002C42DA00AC46009020506D008507022849A4000A6DFFBBBF022982013C4353817C
:2089C00021F0910000F7D9FF387010FF09FFC008EE023C37538121F0910000F7D9FF38704F
:2089E00010FFDA502CF2538121F0910000F7D9FF387010FFDA002CFE538121F0910000F7B3
:208A0000D9FF387010FF6848538121F0910000F7D9FF387010FFDA00ACF3538121F091002C
:208A200000F7D9FF387010FF0890DAFF7E0A538121F0910000F7D9FF387010FFDA002CF9BC
:208A4000C211BF81BEFF91000047D94430D39100F05AD95500023B0040406DFFC0F1DF0983
:208A6000A40009AFD808BF3FA08082011D009B00538121F0910000F7D9FF387010FF09FF5D
:208A8000C008BB0000095F0F8D80538121F0910000F7D9FF387010F2538121F0910000F773
:208AA000D9FF387010FF082F96082C22538121F0910000F7D9FF387010F2538121F091009F
:208AC00000F7D9FF387010FF082F96012C22538121F0910000F7D9FF387010F2538121F020
:208AE000910000F7D9FF387010FF082F96202C22538121F0910000F7D9FF387010F2538161
:208B000021F0910000F7D9FF387010FF082F96022C22538121F0910000F7D9FF387010F221
:208B2000538121F0910000F7D9FF387010FF082FB70F01F22C22538121F0910000F7D9FFB6
:208B4000387010F2538121F0910000F7D9FF387010FF082FB70F01F32C22538121F09100BA
:208B600000F7D9FF387010F2538121F0910000F7D9FF387010FF088FC21F2C28538121F0CF
:208B8000910000F7D9FF387010F2538121F0910000F7D9FF387010FF08AFC21F2C2A3C04A1
:208BA000C211BF8167FFDF09A7006DFF2FBD02246DFF5BBFDF12A00082011D009B00538109
:208BC00021F0910000F7D9FF387010FF09FFC0083B1060005F0F8D80538121F0910000F70A
:208BE000D9FF387010F2538121F0910000F7D9FF387010FF082F96082C22538121F091005E
:208C000000F7D9FF387010F2538121F0910000F7D9FF387010FF082F96012C22538121F0DE
:208C2000910000F7D9FF387010F2538121F0910000F7D9FF387010FF082F96202C2253811F
:208C400021F0910000F7D9FF387010F2538121F0910000F7D9FF387010FF082F96022C22E0
:208C6000538121F0910000F7D9FF387010F2538121F0910000F7D9FF387010FF082FB70F0C
:208C800001F22C22538121F0910000F7D9FF387010F2538121F0910000F7D9FF387010FFA8
:208CA000082FB70F01F32C22538121F0910000F7D9FF387010F2538121F0910000F7D9FF41
:208CC000387010FF088FC21F2C28538121F0910000F7D9FF387010F2538121F0910000F7B5
:208CE000D9FF387010FF08AFC21F2C2A3C04C211BF8167FF00900248025F6D00DD05EE03C3
:208D000082023C08A2823FF2048082123C0382023C01009020400248913000F8D9FF358C92
:208D200049FF000A49A2200AC5041F0004FF242FFC4E49A4000A6DFF37FDF6223C5E820178
:208D40003C32534120F010AF534120F010A20920C00886808FF00FF189FF2008534120F022
:208D600010AF534120F010A2092FC00816FF89FF2108534120F010AF534120F010A2092036
:208D8000C20886808FF00FF189FF2208534120F010AF534120F010A2092FC20816FF89FF7A
:208DA0002308C2117F210480BF81CDFFBB0000FAA2F8370870F03B0040007F0F0D80910070
:208DC00000F7D9FF30D310F449A5200A3B0002406DFF05F03B0000429B04F04A6DFF9ACD9E
:208DE0003B0000429B04F04A91000047D94430D33B0040506DFF91CE009082083C3B538823
:208E000021F0910000F7D9FF387010FF09FFC0086E03485FEE023C2D484408F56DFF6DFF88
:208E2000F6223C276D0048056842C8522D02000091000027D92238A0142F5E2BDF2205802D
:208E4000082F96022CF2082FB70F01F32CF23C11DA003E26DA013E2CDA023E263C0940F48D
:208E60006DFF75FD3C0640F46DFF1EFD3C023C01C218BF88C6FF0090820182023C4F5382BF
:208E800021F0910000F7D9FF387010FF09FFC008EE023C43538221F0910000F7D9FF38707D
:208EA00010FF082F264F6E39538221F0910000F7D9FF387010FF09FFC0087BF00F00260FD4
:208EC0008F0F3FF0344FB014538221F0910000F7D9FF387010FF09FFC008BB00F00F260FC2
:208EE000868F344FB014538221F0910000F7D9FF387010FF09FFC00816FF344FB014538218
:208F000021F0910000F7D9FF387010FF082F344FB014C21137017010C212BF82B2FF021246
:208F20003C010090820282003C1A538021F0910000F7D9FF387010FF09FFC008EE023C0E03
:208F4000538021F0910000F7D9FF387010FF082F264F6E04C21237027020C210BF80E7FF64
:208F60003C010090DAFF3E55DF15040082023C5D82003C57538021F0910000F7D9FF3870A2
:208F800010FF09FFC0085F4F4C803445B014145FC21F345F538021F0910000F7D9FF387068
:208FA00010FF088F344FB014145FC21F345F538021F0910000F7D9FF387010FF089F344FB8
:208FC000B014145FC21F345F538021F0910000F7D9FF387010FF08AF344FB014145FC21F99
:208FE000345F538021F0910000F7D9FF387010FF886F868F16FF344FB014145FC21F345F94
:20900000538021F0910000F7D9FF387010FF886F16FF344F145FC21F345F82123C06C21037
:20902000BF80AAFF82023C01009020200258404C405D913000F8D9FF358C49FF000A49A2A5
:20904000000AC5041F0004F02420FC4EDAFF3E86BF58058082021D00EC0082091D00E50049
:20906000538921F0910000F7D9FF387010FF09F0C0085F40D980DAFF5F8F6A00DA2053892C
:209080002100910000F7D9FF387001F000F609F0C40803F80AF0370F70F0BB00000AA20FEA
:2090A000370F70F03B0040003F0F058082021D00C00049A4000A910000F7D9FF30D310F5FC
:2090C0003B0002406DFF8BEE34C8B01C14DFC21F34DFDA0834CFB01C14DFC21F34DF820362
:2090E0003C3201A300F6081F8F8F200001A300F614F1A61001A300F6083F8F8F201001A3DB
:2091000000F6082FA6F18F803FF016FF34CFB01C14D2C21234D28FF00FF134CFB01C14D077
:20912000C21034D08F813FF016FF34CFB01C14DFC21F34DF8FF10FF134CFB01C14DFC21F2C
:2091400034DFC243DA203FF3CEFF3C7082083C683B000200538921F0910000F7D9FF3870F2
:2091600010FF09FFC40803080AFF370F70F0BB00000AA20F370F70F03B0040003F0F0480E9
:2091800082023C5649A4000A910000F7D9FF30D310F53B0002406DFF22EE34C8B01C14DFA6
:2091A000C21F34DFDA0834CFB01C14DFC21F34DF82033C3201A300F6081F8F8F200001A38D
:2091C00000F614F1A61001A300F6083F8F8F201001A300F6082FA6F18F803FF016FF34CFF1
:2091E000B01C14D2C21234D28FF00FF134CFB01C14DFC21F34DF8F813FF016FF34CFB01C8B
:2092000014DFC21F34DF8FF10FF134CFB01C14DFC21F34DFC243DA203FF3CEFFC218BF4852
:2092200099FF3C04C219BF891DFF82123C010090820282013C29538121F0910000F7D9FF05
:20924000387010FF09FFC0086E1E7BF00F0026F08F001F003440B014BB00F00F26F006802F
:209260003440B01416FF344FB014538121F0910000F7D9FF387010FF082F344FB014C2120C
:2092800037027020C211BF81D8FF3C010090A00F7D6F03803C23A00F7D5F0500A00F7D4FC6
:2092A0000580DA04346F3C1AA00FD4527D2F0680F454DA00346F3C12D45F3C077DF40580CC
:2092C000DA05346F3C0BC84FA002C8457D52F8FFE844A00FEC44DA00346F009020080B45A9
:2092E0001088404CA00FF4AFA00F7DCF04801D00A5003B806100910000F7D9FF983009F179
:20930000C008A210910000F7D9FF00B001F000F680FF16038B48010042F0910000F7D9FFDE
:20932000983009F1C0087F010680DA0334CF1D00850049A4000A029440C56D009B0014C0AD
:20934000F604DA0534CF3C796E0D910000F7D9FF983091000027D92298300920C008A2F0DB
:20936000B4F03B8061F0910000F7D9FF983009F0C008A20F910000F7D9FF00B010FFF4AFE1
:20938000D4AFB4F9D4AFA002E842D4AFA818D4AFDA00ACF2D4AFDA00ACF3D4A23B8061F092
:2093A000910000F7D9FF983009F0C008A20F910000F7D9FF00B010FF49FF140AEC23D4AFFC
:2093C000DA002CF83B8061F0910000F7D9FF983009F0C008A20F910000F7D9FF00B010FFCA
:2093E00049FF140A3B8061F091000027D92298300920C008A20F91000027D92200B0102249
:20940000012F20F080FF370F70F042F837087000910000F7D9FF983091000027D92298305B
:20942000092FC008A20FB4FFD4A491000057D9553CA040C66DFF2DFF00902008404CA00FCD
:20944000F4AFA00F7DCF03803C1349A4000A40C56D00100014CF6E023C0BD4AFDA002CF808
:20946000D4AFD4A2092FC608ACF2DA0034CF0090A00F7D5F03803C1AA00F7D4F0580DA04A0
:20948000345F3C14910000F7D9FF3CA0D4FF3C0909FFC0087E45DA00345FF44F3C07C84FF8
:2094A000A0027DF2F7FFDA02345F00902008404C405DA00FF4AFA00F7DDF03803C3BA00F4F
:2094C0007DCF0580DA0434DF3C3549A4000A40D56DFFD0FF14DF6E023C2DD4AF088FDE1E30
:2094E000D4AF09FFC408D4AF09F0C6087FF00E80D4AF09FFC208D4AF09F0C408A20FD4AFFD
:2095000009F0C608420F3C08D4AF09FFC608D4AF09F0C408A20FB4CF3C0BD4AF088F5E2635
:20952000D4AF09FFC208B4CF3C03DA00B4CFDA0034DF00902008404C405DA00FF4AFA00FE8
:209540007DDF03803C3BA00F7DCF0580DA0434DF3C3549A4000A40D56DFF8CFF14DF6E026D
:209560003C2DD4AF088FDE1ED4AF09FFC408D4AF09F0C6087FF00A80D4AF09FFC408D4AFF8
:2095800009F0C608A20F3C0CD4AF09FFC208D4AF09F0C408420FD4AF09F0C608A20FB4CF9F
:2095A0003C0BD4AF088FEE06D4AF09FFC208B4CF3C03DA00B4CFDA0034DF009020080B45ED
:2095C0001088404C405D406EA00FF4AFDA00ACA2A00F7DEF03803C61A00F7DCF0600A00FB7
:2095E0007DDF0300F694DA0434EF3C5749A4040A028440E56DFF5CFF14EF6E023C4E49A497
:20960000000A028440E56DFF35FF14EF6E023C4509AFC4087FF903803C0309A9C40889A993
:209620008408B4D982003C2501C00026D4AFC83FD4A4094FC40810FF14FF342FD4AFD4A2A3
:20964000092FC408C21FACF2D4AF09FFC408D4AF09F1C2083F1F0B80D4AFD4A2092FC40803
:20966000D4A20921C208A21FACF2C2103700700009AFC4083FF0DAFFD4AF09FFC608D4AF40
:2096800009F0C4087E05D4AFDA002CF83C04D4AFDA012CF8DA0034EF009020080248404CB4
:2096A0000259405DA00FF4AFDA00ACA2A00F7DDF03803C58A00F7DCF0580DA0434DF3C5217
:2096C00049A4040A028440D56DFF36FF14DF6E023C4909AFC4087F9F0580DA0334DF3C42D6
:2096E00049A4000A028440D56DFFC4FE14DF6E023C3982003C25D4AFC83FD4A2092FC608E9
:2097000010FF01C00026142F34FFD4AFD4A2092FC608C21FACF3D4AF09FFC608D4AF09F188
:20972000C2083F1F0B80D4AFD4A2092FC608D4A20921C208A21FACF3C210370070003F9065
:20974000DCFFD4AF09FFC608D4AF09F0C4087E05D4AFDA022CF83C04D4AFDA012CF8DA00EB
:2097600034DF0090913000FF39FF20169602913000FFE9FF20163C013C003C013C00009020
:20978000024F0B56108891300048D9447CE96DFF7EBB0BF8104802966D00410900906D00A8
:2097A000A400DF1206806D00DB0B6DFF18F66D0089096DFF58F56DFFB5F400900944C0084F
:2097C0003B800050B0246D00F40800900D0000026D002D00910000F7D9FF1883D4F49100B4
:2097E00000F7D9FF188308446DFFAEE0910000F7D9FF1883D4FD910000F7D9FF18830848A2
:20980000910000F7D9FF18834829534820F010DC534820F010DF48CF534820F010DF48CFE3
:20982000429F6CCC0D0040020080910000F7D9FFA03054FFC21F370F70F06E1A910000F726
:20984000D9FFA03091000027D922A030542FC21F74FF910000F7D9FFA03054FF82E03F0FD3
:209860000880910000F7D9FFA030DA0174FF910000F7D9FF9C3054FFC21F370F70F06E1A54
:20988000910000F7D9FF9C3091000027D9229C30542FC21F74FF910000F7D9FF9C3054FFC7
:2098A00082E03F0F0880910000F7D9FFA030DA6474FF0090910000F7D9FFA03054F23C014C
:2098C000009085FF100085F02C008200A60F3C01913000F8D9FFA84B09F040090F0F8020CB
:2098E0003C013C0100908202910000F7D9FFA03054FF6E0D8212910000F7D9FFA030910087
:209900000027D922A030542FC2FF74FF3C010090A00F91000027D922A850D4227D2F0F00C6
:20992000910000F7D9FFA850D4FF2D0F0000910000F7D9FFB050A002F4F26D000500DF1275
:209940000200009020088208DA0034AF3B40074049A4000A6DFF73FD14AFEE0282180282A0
:209960003C01009020100B451088404CDA00ACA1F69382023C353B20054049A4020A49A54A
:20998000000A6DFFD9FD14AFEE0709AFC2088B8900007F0F048082023C2389A8840889A949
:2099A0008608A00FF8023B20054049A4040A3B80005049A5000A6DFF72FE14AF6E0382023E
:2099C0003C0F3B20054049A5000A40C402956DFF66FE14AF6E0382023C0382123C010090E1
:2099E0002010404F405C406DDA00ACA13B40054049A4020A49A5000A6DFF5AFD14AFEE080B
:209A000009AFC2086E0509AFC208FF8F048082023C353B4005403B80005049A4040A49A514
:209A2000020A49A6000A6DFFCBFD14AFEE0509A0C208DA083E0382023C213B40054009A552
:209A4000C60849A5020A49A6000A40D46DFFB8FD14AFEE0609AFC60809A0C2083E0382029B
:209A60003C0D09AFC408B4FF09AFC60834CF09A488096D006F0A82123C0100902008404FA1
:209A8000405C91000027D922AC23092FCC0834AF91000047D94470D382043BC013506DFF31
:209AA000BDE991000047D944AC2382043BC013506DFFB4E991000027D9228C40DA00742F53
:209AC000A0046D00470A14FFEE16085F86CFEE03DA013C02DA005E14DA0134CF3C0B085F6F
:209AE00086CF5E13DA013C02DA005E14DA0234CF3C013C25910000F7D9FFAC2349F4080A40
:209B000049A5000A910000F7D9FFAC2349F60E0A6DFF68FFDF121480910000F7D9FFAC2340
:209B200014AFACF614AFBF8F0480DA013C02DA005E14DA0634CF3C03DA0534CF82023C0101
:209B40000090404C405D91000027D92270D3092FC408EE03DA013C02DA005E16DA0034DF0D
:209B600082321D0021010CC46E0314CF5E1482021D001A010CC586CFEE03DA013C02DA0096
:209B80001E180CC586CF5E13DA013C02DA005E16DA0034DF82621D00070191000027D922E8
:209BA00070D3092FC80809C0C2083E053B9000201D00FA000CC586CF5E23DA013C02DA00E8
:209BC0001E153B9000201D00EF00910000F7D9FF70D314F00CC5160F7E03DA013C02DA004A
:209BE0001E1482421D00E000910000F7D9FF70D309F0CA080CC4C2FF42F0910000F7D9FFE1
:209C000070D309FFCC083FF00400DA013C02DA00DF1F3880910000F7D9FF70D309FFCA08CC
:209C2000910000F7D9FF70D310FF49F40E0A49C5060A910000F7D9FF70D309F4CC089100FA
:209C400000F7D9FF70D309FFCA08A2F46D002A0A910000F7D9FF70D309F4C808910000F7E9
:209C6000D9FF70D309F5CC08910000F7D9FF70D349F40E0A6DFF78FEDA0034DF1D00920081
:209C8000910000F7D9FFA43009FFC8086E10910000F7D9FF70D3081F910000F7D9FFA4303C
:209CA00009F0C8083F0F0480DA013C02DA00DF1F2280910000F7D9FF70D391000027D92220
:209CC000A430092FD20891000027D922A43014204B0F0102A820910000F7D9FF8C40910001
:209CE0000027D92270D3092FC40874FFDA0734DF3C37910000F7D9FF70D391000027D922CB
:209D000070D3142FC21F34FF910000F7D9FF70D314F0DA0F7F0F0880910000F7D9FF70D360
:209D2000DA0034FF910000F7D9FF70D391000027D922A430092FD60891000027D922A4304F
:209D400014204B0F0102A820910000F7D9FF8C4091000027D92270D3092FC40874FF910080
:209D600000F7D9FF70D309FFCA08910000F7D9FF70D310FF49F40E0A49C5060A0CC492F47C
:209D80006D009009910000F7D9FF70D391000027D92270D30920CA080CC4C2FF42F0A8506E
:209DA00082023C010090910000F7D9FFAC2309FFC408EE03DA013C02DA005E15DA00345F8B
:209DC00082323C6D0C446E03144F5E1382023C670C4586CF5E33DA013C02DA001E143B9043
:209DE00000203C5D0C45160F5E26DA00345F3B8000203C55DF1F2180910000F7D9FFAC2309
:209E000091000027D922A430092FD00891000027D922A43014204B0F0102A820910000F743
:209E2000D9FF8C4091000027D922AC23092FC40874FF82023C34EE2B910000F7D9FFAC2349
:209E40000C462CF1910000F7D9FFB8500C47B4FF910000F7D9FFAC2391000027D922A4306F
:209E6000092FD40891000027D922A43014204B0F0102A820910000F7D9FF8C40910000270A
:209E8000D922AC23092FC40874FF3C05DA00345F82523C05DA08345F82023C0100902008D0
:209EA000404F405CDA0074AF084F6E0314FF5E143B9000203C67085F86CF5E13DA013C0259
:209EC000DA001E143B9000203C5D084440F4B05449A5000A6D005D07DF1205003B900020C4
:209EE0003C5191000027D92270D309FFC208AC2491000027D92270D354AFAC2691000027BA
:209F0000D92270D391000047D944A430094FD20891000047D944A43014404B0F01028920E5
:209F2000840891000027D9228C4091000047D94470D3094FC408742F91000027D92270D321
:209F400049240E0A49F5070A084F92E46D00AA0891000027D92270D391000047D94470D313
:209F60000940CA08084FC2EF42F089208A08DA0734CFDA0134FFDA002CF4DA00ACF182026A
:209F80003C0100902008404F405CDA00B4AF084F6E0314FF5E143B9000203C27085F86CF0D
:209FA000EE03DA013C02DA001E143B9000203C1D084440F4B05449A5000A6D001107DF1255
:209FC00005003B9000203C1109F4C20809A5C00849F4060A6DFFC8FCF6243B9000203C0544
:209FE000DA0034CF82023C010090910000F7D9FFA05014FFDE17A00F91000027D922AC507D
:20A00000D4227D2F0F00910000F7D9FFAC50D4FF2D0F0000910000F7D9FFAC50A002F4F240
:20A020003C0F5E2E910000F7D9FFA050DA0034FF910000F7D9FFAC50A002F4F23C0100903B
:20A040002008405C913000F8D9FF159C49FF000A49A2000AA07404FF242FFC4E910000F777
:20A06000D9FFAC2309FFC208EE03DA013C02DA00EE0482021D00E600910000F7D9FFAC23DB
:20A0800009FFC408EE03DA013C02DA005E16DA0034CF82221D00D600822449A4000A6D0016
:20A0A000FA05910000F7D9FFAC2314F014AF16F0A6F034A0910000F7D9FFAC2309FFCC0830
:20A0C000910000F7D9FFAC2309F0CA08A20F370F68F082346D00F20591300048D944029A5B
:20A0E0006D005C05BF7F488049A4010A910000F7D9FFAC2309FFCA08910000F7D9FFAC235C
:20A1000010FF49F50E0A82746D00CC07910000F7D9FFA430C872910000F7D9FFAC2309F40A
:20A12000C8083B80005049A4000A91300058D955C06A910000F7D9FFA43048662D020000CB
:20A14000DF120D0082246D00B905A0046D002605DA0034CF3B9000203C74910000F7D9FF1C
:20A16000AC2391000027D922AC23092FCA08C27FACF53C4649A4010A910000F7D9FFAC23F9
:20A1800009F0CA08910000F7D9FFAC2301F000F649F50E0A02F46D0085079215910000F76A
:20A1A000D9FFA430C872910000F7D9FFAC2309F4C80849A4000A91300058D955C06A9100C4
:20A1C00000F7D9FFA43048662D020000DF120D0082246D007305A0046D00E004DA0034CFA4
:20A1E0003B9000203C2E910000F7D9FFAC2391000027D922AC230920CA0842F0A8509100A3
:20A2000000F7D9FFAC2391000027D922A430092FCC0891000027D922A43014204B0F0102F5
:20A22000A820910000F7D9FF8C4091000027D922AC23092FC40874FFDA0934CF82023C018A
:20A240000090910000F7D9FFAC2309FFCA08910000F7D9FFAC2309F0CC083F0F0480DA01BC
:20A260003C02DA005E1C82046D00EE05910000F7D9FFA450DA0034FF1D008E00910000F7D2
:20A28000D9FFAC2391000027D922B850092FC00891000027D922A43014204B0F0102A8108C
:20A2A000910000F7D9FFAC23081F6E36910000F7D9FFAC2391000027D922AC230C21C2FF05
:20A2C0002CF1910000F7D9FFAC23081FEE25910000F7D9FFA450DA0334FF910000F7D9FF34
:20A2E000AC2391000027D922A430092FD00891000027D922A43014204B0F0102A820910087
:20A3000000F7D9FF8C4091000027D922AC23092FC40874FF3C40910000F7D9FFAC2391006D
:20A320000027D922AC23142FC21F34FF910000F7D9FFAC2314F0DA0F7F0F0880910000F71B
:20A34000D9FFAC23DA0034FF910000F7D9FFAC2391000027D922A430092FD40891000027C7
:20A36000D922A43014204B0F0102A820910000F7D9FF8C4091000027D922AC23092FC40803
:20A3800074FF82146DFF61E3910000F7D9FFA450DA0834FF00902008405C913000F8D9FFB6
:20A3A000159C49FF000A49A2000AA07404FF242FFC4E910000F7D9FF70D309FFC408EE0389
:20A3C000DA013C02DA001E1482021D00A300823449A4000A6D005F04910000F7D9FF70D3F4
:20A3E00009FFCC083BC012007FF007800CA116F096022CA13C040CA116F02CA1910000F71E
:20A40000D9FFA43009FFC8082CA1910000F7D9FFA43009FFC8086E0C910000F7D9FF70D3C2
:20A4200091000027D92270D30C21C21F2CF1910000F7D9FF70D391000027D92270D3142F1F
:20A44000C21F34FF910000F7D9FF70D314F0DA0F7F0F0880910000F7D9FF70D3DA0034FF92
:20A46000910000F7D9FFA43009FFCA082CA2910000F7D9FF70D391000027D922A430092F9E
:20A48000CE0891000027D922A43014204B0F0102A820910000F7D9FF8C4091000027D92227
:20A4A00070D3092FC40874FF82346D00070491300048D944524A6D007103910000F7D9FFB1
:20A4C000A430C872910000F7D9FFA43009F4C6083B80005049A4000A91300058D955C06AFC
:20A4E000910000F7D9FFA43048662D020000DF120680DA0934CF82023C0C82246D00DE032E
:20A50000A0046D004B03DA0034CF3B9000203C010090910000F7D9FF70D309FFCC083BC0CD
:20A5200012007FF00980910000F7D9FFA450DA0034FF3C24910000F7D9FF70D391000027F5
:20A54000D922A430092FD60891000027D922A43014204B0F0102A820910000F7D9FF8C400A
:20A5600091000027D92270D3092FC40874FF910000F7D9FFA450DA0434FF00902008405CB5
:20A58000913000F8D9FF159C49FF000A49A2000AA07404FF242FFC4E910000F7D9FFAC234F
:20A5A00009FFCC08BF8F0480DA013C02DA001E16DA0534CF3B8000203C78821449A4000AC8
:20A5C0006D00690314AF16F034AF14AF910000F7D9FFAC2309F0CC088680A60F34AF0CA1EC
:20A5E000910000F7D9FFAC2309F0CC08A60F2CA182346D00630391300048D9446AAA6D00AD
:20A60000CD0249A4020A910000F7D9FFAC2349F50E0A82646D004605910000F7D9FFA4301B
:20A62000C872910000F7D9FFAC2309F4C8083B80005049A4000A91300058D955C06A9100E0
:20A6400000F7D9FFA43048662D020000DF120D0082246D003303A0046D00A002DA0034CFA3
:20A660003B9000203C22910000F7D9FFAC2391000027D922A430092FCC0891000027D9221C
:20A68000A43014204B0F0102A820910000F7D9FF8C4091000027D922AC23092FC40874FF68
:20A6A000DA0934CF82023C010090910000F7D9FFAC2391000027D922AC23092FCA08C26F77
:20A6C000ACF5910000F7D9FFAC2391000027D922A430092FD00891000027D922A430142058
:20A6E0004B0F0102A820910000F7D9FF8C4091000027D922AC23092FC40874FF910000F788
:20A70000D9FFAC2391000027D922AC23142FC21F34FF910000F7D9FFAC2314F0DA0F7F0F0F
:20A720000880910000F7D9FFAC23DA0034FF910000F7D9FFA450DA0334FF00902008405C9D
:20A74000913000F8D9FF159C49FF000A49A2000AA07404FF242FFC4E910000F7D9FFAC238D
:20A7600009FFCC08BF8F0480DA013C02DA005E17DA0634CF3B9000201D008700910000F7C9
:20A78000D9FFAC2309FFCC08EE03DA013C02DA005E16DA0034CF3B9000203C76820449A4F1
:20A7A000000A6D00780214AF16F034AF14AF910000F7D9FFAC2309F0CC08A60F34AF14AFE2
:20A7C000C21F370F68F049A4010A910000F7D9FFAC2349F50E0A910000F7D9FFAC2309F451
:20A7E000CC086D005F0482346D00680291300048D944882A6D00D201910000F7D9FFA430DC
:20A80000C872910000F7D9FFAC2309F4C80849A4000A91300058D955C06A910000F7D9FF3A
:20A82000A430486602F52D020000DF120D0082246D004402A0046D00B101DA0034CF3B90AE
:20A8400000203C22910000F7D9FFAC2391000027D922A430092FCC0891000027D922A43031
:20A8600014204B0F0102A820910000F7D9FF8C4091000027D922AC23092FC40874FFDA0977
:20A8800034CF82023C01009082046D00DD02910000F7D9FFA450DA0034FF0090A00F910061
:20A8A0000027D922B050D4227D2F0F00910000F7D9FFB050D4FF2D0F0000910000F7D9FFF6
:20A8C000B050A002F4F20090405C910000F7D9FF8C4054FFEE03DA013C02DA00DE1BA002C6
:20A8E000910000F7D9FFA430C89F7DF20900910000F7D9FFA430C89F2D0F000082246D005B
:20A90000A30282246D00DA01A0046D004701DA0034CF82023C01009020100248404F405C78
:20A9200082098200B4A03B40074049A4000A49A5020A6DFFBDF50CA2EE3809A0C008BF9051
:20A9400035803B4007403B80005049A4040A49A5000A49A6020A6DFF33F60CA2EE0609A0A7
:20A96000C008DA087E028219DF1920803B40074049A5000A49A6020A028540F46DFF20F688
:20A980000CA2EE1309AFC008FE8009AFC6083FF80D80821909A2C40989C2C009910000F711
:20A9A000D9FFB050580274FF02923C01009020180B451088404FDA00B4AF824ABF990380FE
:20A9C0003C2C3B20074049A4000A49A5020A6DFFB3F50CA2EE229A4909A0C0083FF01E0009
:20A9E00089A8860889A984083B20074049A4040A49A5020A02A56DFF52F60CA26E023C0D81
:20AA00003B20074009A5C40849A5020A40F46DFF46F60CA26E023C0100902008910000F7A9
:20AA2000D9FFA430A814910000F7D9FFA430A825910000F7D9FFA430A8363BC012403B20F3
:20AA4000055049A4000A6DFF4BF414AF6E033C013C003BC012403B40055049A4000A6DFFD2
:20AA60003FF414AF6E033C013C003BC012403B20075049A4000A6DFF33F414AF6E033C01FC
:20AA80003C003BC012403B40075049A4000A6DFF27F414AF6E033C013C000090820291008B
:20AAA00000F7D9FFA43009FFC2083E48910000F7D9FFA43009FFC4087E4282123C01009072
:20AAC00020108208913000F8D9FFD45B49FF000A49A2000AA03444FF642FFC4E82099100A5
:20AAE00000F7D9FFA45014F0DA09BE08910000F7D9FFA430C88F49A4020A49A5040A49A677
:20AB0000050A2D0F0000DF120A8009A4C2086DFFC7FFDF120480820034A03C3A910000F7FD
:20AB2000D9FFA45014F0538820F0910000F7D9FF904010FF14F15F101E80A002538820F07C
:20AB4000910000F7D9FF904010FFC81F7DF21300538820F0910000F7D9FF904010FFC81F3C
:20AB600049A4000A91000057D955A4502D0F00000229DF690D007697910000F7D9FFA450B7
:20AB8000DA0034FFC218370868803C028208BFA8C7FF6DFF2CFA0090910000F7D9FFAC5034
:20ABA000F4F400902008404C405D406EDA00B4AFDA00ACA182483B20074049A4000A49A569
:20ABC000040A6DFF75F40CA4EE5D09AFC0083F8F5A803B20074091000047D944BC5049A5DE
:20ABE000020A49A6040A02856DFFEAF40CA4EE4909AFC0083F8F46803B200740910000F756
:20AC0000D9FFBC5009F5C00891000047D944BC50B04449A5000A49A6040A6DFFD1F49100DE
:20AC200000F7D9FFBC5009F4C2086DFF39FFDF12040082023C2E910000F7D9FFBC5009FF77
:20AC4000C208B4CF910000F7D9FFBC5009FFC00834DFDA003C0C10E2910000F7D9FFBC50D8
:20AC600010FF08403420C21F370F68F0910000F7D9FFBC5009F0C0083F0FEFFF82123C0968
:20AC80003C0609AFC008EE030CA46E0182023C0100907647DF140600DF340400DF240B8036
:20ACA000144F160F344F144F8644A64F344F82123C0382023C010090910000F7D9FFA05070
:20ACC00034F4009020180248025A404C405DDA00B4AF913000F8D9FF159C49FF000A49A2F9
:20ACE000030AA07404FF242FFC4E3B000190BF9A048082023C453B40074049A4000A49A53E
:20AD0000020A6DFF19F40CA2EE3909AFC0083F9F368089A88C08DA08ACA780DF780449A403
:20AD2000030A40C502A46D00BD013B40074049A40C0A3B80005049A5020A6DFFB0F40CA2A8
:20AD40006E093B40074049A4020A6DFF78F382023C173B40074049A4030A3B80005049A55E
:20AD6000020A6DFF9CF40CA26E093B40074049A4020A6DFF64F382023C0382123C01009004
:20AD8000910000F7D9FFA050DA0134FF0090BF840980144F86CF5E13DA013C02DA001E13AC
:20ADA00082023C1C144F160F8F8F20000C41A6F0F60C82013C088F800000014100F6082FC7
:20ADC000A6F0C211BF41F9FFFF80048082023C028212DF12038074503C0100908202BF244D
:20ADE0000980144F86CFEE03DA013C02DA001E1382023C28FF941180144F160FFF8F0C804F
:20AE00006E0A82107605C2F40BF450213C04C2E40BF450213C13144F160FEE100C413BE0F4
:20AE200003003FF00C806E0A82107605C2F40BF450213C04C2E40BF45021DF120380B45FCC
:20AE40003C010090A00F91000027D922B450D4227D2F0F00910000F7D9FFB450D4FF2D0F9B
:20AE60000000910000F7D9FFB450A002F4F200902008405F406C49A5000A6DFF4FFDDF1242
:20AE8000088009AFC008B4FF09AFC208B4CF3C010090910000F7D9FFA43009F2C2083C01EF
:20AEA0000090910000F7D9FFA43009F2C4083C010090910000F7D9FFA43009F2C6083C0100
:20AEC00000902010404F405C406DDA00ACA13B20054049A4020A49A5000A6DFFE9F214AF18
:20AEE000EE0509AFC208FF8F048082023C313B2005403B80005049A4040A49A5020A49A64B
:20AF0000000A6DFF5DF314AFEE0509A0C208DA083E0382023C1D3B20054009A5C60849A538
:20AF2000020A49A6000A40D46DFF4AF314AFEE0609AFC60809A0C2083E0382023C0909AFDD
:20AF4000C408B4FF09AFC608B4CF82123C010090910000F7D9FFB450F4F40090910000F7A4
:20AF6000D9FF70D309FFC2086E0D910000F7D9FF70D391000027D92270D3092FC208C2FF0D
:20AF8000ACF1910000F7D9FF70D309FFC4086E0D910000F7D9FF70D391000027D92270D389
:20AFA000092FC408C2FFACF2910000F7D9FFAC2309FFC2086E0D910000F7D9FFAC239100F2
:20AFC0000027D922AC23092FC208C2FFACF1910000F7D9FFAC2309FFC4086E0D910000F71A
:20AFE000D9FFAC2391000027D922AC23092FC408C2FFACF2910000F7D9FF8C4054FF6E0CCC
:20B00000910000F7D9FF8C4091000027D9228C40542FC2FF74FF009020100B451088405F87
:20B02000DA00ACA18B8900A089A8840889A9860889A488096DFF3FFF5F28040082023C30D5
:20B04000F69382023C2D3B40054049A4020A49A5000A6DFF71F214AFEE0509AFC2087FAF94
:20B06000048082023C1D3B40054049A4040A3B80005049A5000A6DFF12F314AF6E03820288
:20B080003C0F3B40054049A5000A40F402956DFF06F314AF6E0382023C0382123C01009025
:20B0A000404F014530F4EE0601540026014230F4EE0B3C06095F000834FFB015B01F024FFE
:20B0C000C2F4EEF93C0D3C0A014400F601540026092F3FF889FF3FF8C2F4FF14F7FF40421F
:20B0E0003C010090404F3C0334F4B01F025FC2F5EEFC40423C01009000000000000000006D
:20B1000000000000000000000000000000000000000000000000000000000000000000002F
:20B1200000000000000000000000000000000000000000000000000000000000000000000F
:20B140000000000000000000000000000000000000000000000000000000000000000000EF
:20B160000000000000000000000000000000000000000000000000000000000000000000CF
:20B180000000000000000000000000000000000000000000000000000000000000000000AF
:20B1A00000000000000000000000000000000000000000000000000000000000000000008F
:20B1C00000000000000000000000000000000000000000000000000000000000000000006F
:20B1E00000000000000000000000000000000000000000000000000000000000000000004F
:20B2000000000000000000000000000000000000000000000000000000000000000000002E
:20B2200000000000000000000000000000000000000000000000000000000000000000000E
:20B240000000000000000000000000000000000000000000000000000000000000000000EE
:20B260000000000000000000000000000000000000000000000000000000000000000000CE
:20B280000000000000000000000000000000000000000000000000000000000000000000AE
:20B2A00000000000000000000000000000000000000000000000000000000000000000008E
:20B2C00000000000000000000000000000000000000000000000000000000000000000006E
:20B2E00000000000000000000000000000000000000000000000000000000000000000004E
:20B3000000000000000000000000000000000000000000000000000000000000000000002D
:20B3200000000000000000000000000000000000000000000000000000000000000000000D
:20B340000000000000000000000000000000000000000000000000000000000000000000ED
:20B360000000000000000000000000000000000000000000000000000000000000000000CD
:20B380000000000000000000000000000000000000000000000000000000000000000000AD
:20B3A00000000000000000000000000000000000000000000000000000000000000000008D
:20B3C00000000000000000000000000000000000000000000000000000000000000000006D
:20B3E00000000000000000000000000000000000000000000000000000000000000000004D
:20B4000000000000000000000000000000000000000000000000000000000000000000002C
:20B4200000000000000000000000000000000000000000000000000000000000000000000C
:20B440000000000000000000000000000000000000000000000000000000000000000000EC
:20B460000000000000000000000000000000000000000000000000000000000000000000CC
:20B480000000000000000000000000000000000000000000000000000000000000000000AC
:20B4A00000000000000000000000000000000000000000000000000000000000000000008C
:20B4C00000000000000000000000000000000000000000000000000000000000000000006C
:20B4E00000000000000000000000000000000000000000000000000000000000000000004C
:20B5000000000000000000000000000000000000000000000000000000000000000000002B
:20B5200000000000000000000000000000000000000000000000000000000000000000000B
:20B540000000000000000000000000000000000000000000000000000000000000000000EB
:20B560000000000000000000000000000000000000000000000000000000000000000000CB
:20B580000000000000000000000000000000000000000000000000000000000000000000AB
:20B5A00000000000000000000000000000000000000000000000000000000000000000008B
:20B5C00000000000000000000000000000000000000000000000000000000000000000006B
:20B5E00000000000000000000000000000000000000000000000000000000000000000004B
:20B6000000000000000000000000000000000000000000000000000000000000000000002A
:20B6200000000000000000000000000000000000000000000000000000000000000000000A
:20B640000000000000000000000000000000000000000000000000000000000000000000EA
:20B660000000000000000000000000000000000000000000000000000000000000000000CA
:20B680000000000000000000000000000000000000000000000000000000000000000000AA
:20B6A00000000000000000000000000000000000000000000000000000000000000000008A
:20B6C00000000000000000000000000000000000000000000000000000000000000000006A
:20B6E00000000000000000000000000000000000000000000000000000000000000000004A
:20B70000000000000000000000000000000000000000000000000000000000000000000029
:20B72000000000000000000000000000000000000000000000000000000000000000000009
:20B740000000000000000000000000000000000000000000000000000000000000000000E9
:20B760000000000000000000000000000000000000000000000000000000000000000000C9
:20B780000000000000000000000000000000000000000000000000000000000000000000A9
:20B7A000000000000000000000000000000000000000000000000000000000000000000089
:20B7C000000000000000000000000000000000000000000000000000000000000000000069
:20B7E000000000000000000000000000000000000000000000000000000000000000000049
:20B80000000000000000000000000000000000000000000000000000000000000000000028
:20B82000000000000000000000000000000000000000000000000000000000000000000008
:20B840000000000000000000000000000000000000000000000000000000000000000000E8
:20B860000000000000000000000000000000000000000000000000000000000000000000C8
:20B880000000000000000000000000000000000000000000000000000000000000000000A8
:20B8A000000000000000000000000000000000000000000000000000000000000000000088
:20B8C000000000000000000000000280000400000080028000040000000003800004000055
:20B8E000008003800004000000000480000400000080048000040000000005800004000028
:20B90000008005800004000000000680000800000000078000080000000008800008000071
:20B920000000098000080000FFFFFFFFFFFFFF7F000000AFFF1F00AF002000AFFF3F00AFC6
:20B94000004000AFFF5F00AF006000AFFF7F00AF008000AFFF9F00AF00A000AFFFBF00AF77
:20B9600000C000AFFFDF00AF00E000AFFFFF00AF000001AFFF1F01AF002001AFFF3F01AF53
:20B98000004001AFFF5F01AF006001AFFF7F01AF008001AFFF9F01AF00A001AFFFBF01AF2F
:20B9A00000C001AFFFDF01AF00E001AFFFFF01AF000000A0FF3F00A0004000A0FF7F00A0CF
:20B9C000008000A0FFBF00A000C000A0FFFF00A0000001A0FF3F01A0004001A0FF7F01A06B
:20B9E000008001A0FFBF01A000C001A0FFFF01A0000002A0FF7F02A0008002A0FFFF02A043
:20BA0000000003A0FF7F03A0008003A0FFFF03A0000004A0FF7F04A0008004A0FFFF04A012
:20BA2000000005A0FF7F05A0008005A0FFFF05A0000006A0FFFF06A0000007A0FFFF07A0E0
:20BA4000000008A0FFFF08A0000009A0FFFF09A000000AA0FFFF0BA000000CA0FFFF0DA09E
:20BA600000000EA0FFFF0FA0000010A0FFFF13A0000014A0FFFF17A0000018A0FFFF1BA030
:20BA800000001CA0FFFF1FA0008001F00000000000A203F00100000000000000008001F0B5
:20BAA0000100000000B403F00100000001000000008001F00000000000A203F000000000D6
:20BAC000A8000000008001F00100000000B403F000000000A8000000000000F0000000000D
:20BAE000040017B7D138000000000000030017B7D138000000000000020017B7D1380000B8
:20BB000000000000000000007CC102800A0000001000000086C10280100000002000000053
:20BB200096C102801000000030000000A6C102800A00000040000000B0C102800A000000BC
:20BB400050000000BAC102800800000060000000C2C102800A00000070000000CCC10280A2
:20BB60001100000090000000DDC102800F000000A0000000ECC102800E000000B000000068
:20BB8000FAC1028008000000C000000002C202800E000000D000000010C202800800000020
:20BBA000E000000018C20280080000001080FF1F1088FF1F000000000000000000000000DD
:20BBC000000000000000000000000000000000000000000000000000000000000000000065
:20BBE000000000000000000000000000000000000000000000000000000000000000000045
:20BC0000000000000000000000000000000000000000000000000000000000000000000024
:20BC2000000000000000000000000000000000000000000000000000000000000000000004
:20BC40000000000000000000000000000000000000000000000000000000000000000000E4
:20BC60000000000000000000000000000000000000000000000000000000000000000000C4
:20BC80000000000000000000000000000000000000000000000000000000000000000000A4
:20BCA000000000000000000000000000000000000000000000000000000000000000000084
:20BCC000000000000000000000000000000000000000000000000000000000000000000064
:20BCE0000000000000000000100703016E710280110503014C72028027050101E27E02805E
:20BD0000280703037E700280220703015078028023050301787702802E0601039E8402808E
:20BD200031070103E47902808507030310710280140703012A70028019070301707402808E
:20BD40003E07030110820280010310278813D007881300000100000000000000000000003D
:20BD6000000000000C00000000000000963007772C610EEEBA51099919C46D078FF46A708F
:20BD800035A563E9A395649E3288DB0EA4B8DC791EE9D5E088D9D2972B4CB609BD7CB17ECB
:20BDA000072DB8E7911DBF906410B71DF220B06A4871B9F3DE41BE847DD4DA1AEBE4DD6D1B
:20BDC00051B5D4F4C785D38356986C13C0A86B647AF962FDECC9658A4F5C0114D96C06636B
:20BDE000633D0FFAF50D088DC8206E3B5E10694CE44160D5727167A2D1E4033C47D4044BAB
:20BE0000FD850DD26BB50AA5FAA8B5356C98B242D6C9BBDB40F9BCACE36CD832755CDF454A
:20BE2000CF0DD6DC593DD1ABAC30D9263A00DE518051D7C81661D0BFB5F4B42123C4B3563A
:20BE40009995BACF0FA5BDB89EB802280888055FB2D90CC624E90BB1877C6F2F114C6858AA
:20BE6000AB1D61C13D2D66B69041DC760671DB01BC20D2982A10D5EF8985B1711FB5B606D8
:20BE8000A5E4BF9F33D4B8E8A2C9077834F9000F8EA8099618980EE1BB0D6A7F2D3D6D08EA
:20BEA000976C6491015C63E6F4516B6B62616C1CD83065854E0062F2ED95066C7BA5011BBA
:20BEC000C1F4088257C40FF5C6D9B06550E9B712EAB8BE8B7C88B9FCDF1DDD62492DDA150A
:20BEE000F37CD38C654CD4FB5861B24DCE51B53A7400BCA3E230BBD441A5DF4AD795D83D2A
:20BF00006DC4D1A4FBF4D6D36AE96943FCD96E34468867ADD0B860DA732D0444E51D0333A9
:20BF20005F4C0AAAC97C0DDD3C710550AA41022710100BBE86200CC925B56857B3856F2099
:20BF400009D466B99FE461CE0EF9DE5E98C9D9292298D0B0B4A8D7C7173DB359810DB42E89
:20BF60003B5CBDB7AD6CBAC02083B8EDB6B3BF9A0CE2B6039AD2B1743947D5EAAF77D29D0D
:20BF80001526DB048316DC73120B63E3843B64943E6A6D0DA85A6A7A0BCF0EE49DFF099379
:20BFA00027AE000AB19E077D44930FF0D2A3088768F2011EFEC206695D5762F7CB67658029
:20BFC00071366C19E7066B6E761BD4FEE02BD3895A7ADA10CC4ADD676FDFB9F9F9EFBE8E59
:20BFE00043BEB717D58EB060E8A3D6D67E93D1A1C4C2D83852F2DF4FF167BBD16757BCA639
:20C00000DD06B53F4B36B248DA2B0DD84C1B0AAFF64A0336607A0441C3EF60DF55DF67A8F8
:20C02000EF8E6E3179BE69468CB361CB1A8366BCA0D26F2536E2685295770CCC03470BBB08
:20C04000B91602222F260555BE3BBAC5280BBDB2925AB42B046AB35CA7FFD7C231CFD0B518
:20C060008B9ED92C1DAEDE5BB0C2649B26F263EC9CA36A750A936D02A906099C3F360EEBCA
:20C080008567077213570005824ABF95147AB8E2AE2BB17B381BB60C9B8ED2920DBED5E558
:20C0A000B7EFDC7C21DFDB0BD4D2D38642E2D4F1F8B3DD686E83DA1FCD16BE815B26B9F688
:20C0C000E177B06F7747B718E65A0888706A0FFFCA3B06665C0B0111FF9E658F69AE62F8B8
:20C0E000D3FF6B6145CF6C1678E20AA0EED20DD75483044EC2B30339612667A7F71660D0B8
:20C100004D476949DB776E3E4A6AD1AEDC5AD6D9660BDF40F03BD83753AEBCA9C59EBBDE97
:20C120007FCFB247E9FFB5301CF2BDBD8AC2BACA3093B353A6A3B4240536D0BA9306D7CDA7
:20C140002957DE54BF67D9232E7A66B3B84A61C4021B685D942B6F2A37BE0BB4A18E0CC337
:20C160001BDF055A8DEF022D0300020000000000000000000000000000000000424F4F5482
:20C180005F56322E3030434B333536355F31303058393031340053575F494542535F3030C8
:20C1A0003100000000005645525F312E302E3000533031393133473200003230323630351C
:20C1C000313842415443485F3030303157304C30303034334D423534313332360048575FE8
:20C1E000494542535F303031000000005355505F48575F30303100000000453030000000A1
:20C2000000005355505F53575F3030310000000042303000000000004553430000000000B0
:20C22000A9C6139199CD439500000000AA0000000000000003000000000000000000000000
:20C240000000000000000000000000000000000000000000000000000000000000000000DE
:20C260001400DF07000000000000000015004C070000000000000000160000050000000041
:20C28000000000000A005C0700000000000000000B00220100000000000000000000000003
:20C2A0000000000003000000E0BA0280013B050017B7513910011202F00F3F031222140216
:20C2C000FFFFFF0F020000000F000000010000000F000000000000003F000000D514000009
:20C2E000FF7F0000002D310100E1F50500000000000000000000000086F1000101000020ED
:20C3000000AF0A0A87F100010100102000AF101088F100010100202000AF101089F10001DC
:20C320000100302000AF0A0A8AF100010100402000AF0A0A8BF100010100502000AF08089C
:20C340008CF100010100602000AF0A0A90F100010100702000AF111191F100010100902003
:20C3600000AF0F0F92F100010100A02000AF0E0E93F100010100B02000AF080894F1000145
:20C380000100C02000AF0E0E95F100010100D02000AF080897F100010100E02000AF080871
:20C3A0005BF100010000002100AF43C901000100000000000000000000C1500000A00000A1
:20C3C000000000000000006400000000FC86028021C1500020A0000000000000000000649F
:20C3E00000000000E68602800090500040A00000000000000000000000000000000000008F
:20C400000106500060A00000000000000000000000000000000000000000000000000000C5
:20C420000000000000000000000000000000000000000000000000000000000000000000FC
:20C440000000000000000000000000000000000000000000000000000000000000000000DC
:20C460000000000000000000000000000000000000000000000000000000000001000000BB
:20C480000000000000000100190019004B0000001900960032000000C4AC0280A4AB02807A
:20C4A00010990280000000007C9A028001000000849F0280020000009E9E0280070000004C
:20C4C00096A3028004000000429B0280050000003CA70280060000007CA502800300000028
:20C4E000A69D02800800000040A0028009000000C8A8028000000000000000000000000012
:20C5000000000000000000000000000000000000000000000000000000000000000000001B
:20C52000000000000000000000000000002D3101FFFFFFFF0000000000000000010000009F
:20C5400000001806000000000000000000000000000000000000000100A00000000000001C
:20C560000000000000000000000000000000000000000000000000000000010000000001B9
:20C5800000000000000000000100000000000000000000000000000000000000000000009A
:20C5A00000000000000000000000000000000000000000000000000000000000000000007B
:20C5C00000000000000000000000000000000000000000000000000000000000000000005B
:20C5E00000000000000000000000000000000000000000000000000000000000000000003B
:20C6000000000000000000000000000000000000000000000000000000000000000000001A
:20C620000000000000000000000000000000000000000000000000000000000000000000FA
:20C640000000000000000000000000000000000000000000000000000000000000000000DA
:20C660000000000000000000000000000000000000000000000000000000000000000000BA
:20C6800000000000000000000000000000000000000000000000000000000000000000009A
:20C6A00000000000000000000000000000000000000000000000000000000000000000007A
:20C6C00000000000000000000000000000000000000000000000000000000000000000005A
:20C6E00000000000000000000000000000000000000000000000000000000000000000003A
:20C70000000000000000000000000000000000000000000000000000000000000000000019
:20C720000000000000000000000000000000000000000000000000000000000000000000F9
:20C740000000000000000000000000000000000000000000000000000000000000000000D9
:20C760000000000000000000000000000000000000000000000000000000000000000000B9
:20C78000000000000000000000000000000000000000000000000000000000000000000099
:20C7A000000000000000000000000000000000000000000000000000000000000000000079
:20C7C000000000000000000000000000000000000000000000000000000000000000000059
:20C7E000000000000000000000000000000000000000000000000000000000000000000039
:20C80000000000000000000000000000000000000000000000000000000000000000000018
:20C820000000000000000000000000000000000000000000000000000000000000000000F8
:20C840000000000000000000000000000000000000000000000000000000000000000000D8
:20C860000000000000000000000000000000000000000000000000000000000000000000B8
:20C88000000000000000000000000000000000000000000000000000000000000000000098
:20C8A000000000000000000000000000000000000000000000000000000000000000000078
:20C8C000000000000000000000000000000000000000000000000000000000000000000058
:20C8E000000000000000000000000000000000000000000000000000000000000000000038
:20C90000000000000000000000000000000000000000000000000000000000000000000017
:20C920000000000000000000000000000000000000000000000000000000000000000000F7
:20C940000000000000000000000000000000000000000000000000000000000000000000D7
:20C960000000000000000000000000000000000000000000000000000000000000000000B7
:20C98000000000000000000000000000000000000000000000000000000000000000000097
:20C9A000000000000000000000000000000000000000000000000000000000000000000077
:20C9C000000000000000000000000000000000000000000000000000000000000000000057
:20C9E000000000000000000000000000000000000000000000000000000000000000000037
:20CA0000000000000000000000000000000000000000000000000000000000000000000016
:20CA20000000000000000000000000000000000000000000000000000000000000000000F6
:20CA40000000000000000000000000000000000000000000000000000000000000000000D6
:20CA60000000000000000000000000000000000000000000000000000000000000000000B6
:20CA8000000000000000000000000000000000000000000000000000000000000000000096
:20CAA000000000000000000000000000000000000000000000000000000000000000000076
:20CAC000000000000000000000000000000000000000000000000000000000000000000056
:20CAE000000000000000000000000000000000000000000000000000000000000000000036
:20CB0000000000000000000000000000000000000000000000000000000000000000000015
:20CB20000000000000000000000000000000000000000000000000000000000000000000F5
:20CB40000000000000000000000000000000000000000000000000000000000000000000D5
:20CB60000000000000000000000000000000000000000000000000000000000000000000B5
:20CB8000000000000000000000000000000000000000000000000000000000000000000095
:20CBA00000000000010000000000007052C5028001000000010000000400007018C5028096
:20CBC00004000000010000000800007053C5028001000000010000000C00007060C202801C
:20CBE00044000000010000005000007054C5028001000000010000005400007055C5028033
:20CC000001000000010000005800007056C5028001000000010000005C00007057C5028041
:20CC20000100000001000000600000701CC5028004000000010000006400007058C5028047
:20CC400001000000010000006800007059C5028001000000010000006C00007020C5028015
:20CC60000400000001000000700000705AC5028020000000010000009000007024C50280A2
:20CC80000C000000010000009C000070A4C202804C00000001000000E800007030C5028077
:20CCA0000400000001000000EC0000707AC502800100000001000000F00000707BC502802E
:20CCC0000100000001000000F40000707CC502800100000001000000F800007034C5028046
:20CCE0000200000001000000FC0000707DC502800100000001000000000100707EC50280C9
:20CD000001000000010000000401007036C502800200000001000000080100707FC50280DD
:20CD200001000000010000000C01007038C502800200000001000000100100703AC50280F0
:20CD4000020000000100000014010070F0C2028008000000010000001C0100703CC50280FE
:20CD600004000000010000002001007080C5028005000000010000002801007085C50280EB
:20CD800001000000010000002C01007040C5028002000000010000003001007086C50280FC
:20CDA000010000000100000034010070F8C20280C000000001000000F401007087C502809C
:20CDC0000100000001000000F8010070B8C30280C000000001000000B802007088C5028031
:20CDE0000100000001000000BC02007078C402800400000001000000C002007089C502803E
:20CE00001806000001000000D808007042C502800200000001000000DC08007044C5028038
:20CE20000800000001000000E40800707CC4028028000000010000000C0900704CC502808A
:20CE4000040000000100000010090070A4C40280500000000100000060090070A1CB028042
:20CE6000010000000100000064090070A2CB0280010000000100000068090070F4C40280C7
:20CE800010000000010000007809007050C5028002000000010000007C09007004C50280B6
:20CEA00014000000020000009009007000000000060000000200000098090070000000003A
:20CEC000CA00000002000000640A007000000000842F0000000000000000000000000000F5
:20CEE000000000000000000000000000000000000000000000000000000000000000000032
:02000004800971
:20050000912000E8D9EE0C51DC0E0000000000000000000000000000000000000000000034
:20054000912000E8D9EE2281DC0E00000000000000000000000000000000000000000000AE
:200C8000913000E8D9EE4CF9DC0E00000000000000000000000000000000000000000000B5
:20800000912000F8D9FF04C30D00000202F4DC0F0000000000000000000000000000000028
:20802000912000F8D9FF00B30D00000202F4DC0F000000000000000000000000000000001C
:20804000912000F8D9FF3C930D00000202F4DC0F00000000000000000000000000000000E0
:20806000912000F8D9FF38830D00000202F4DC0F00000000000000000000000000000000D4
:20808000912000F8D9FF34730D00000202F4DC0F00000000000000000000000000000000C8
:2080A000912000F8D9FF30630D00000202F4DC0F00000000000000000000000000000000BC
:2080C000912000F8D9FF0AE30D00000202F4DC0F0000000000000000000000000000000042
:2080E000912000F8D9FF08D30D00000202F4DC0F00900000000000000000000000000000A4
:040000058002002055
:00000001FF
